post_id,weekday,hour,comments,text_length,word_count
41850,5,18,0,3,1
41837,2,13,12,66,11
41830,5,20,5,23,4
41815,3,20,2,17,4
41802,1,18,0,59,8
41798,0,19,5,100,15
41785,6,10,24,3,1
41777,5,20,1,45,7
41766,4,18,0,40,5
41751,1,18,38,58,8
41747,6,16,1,99,15
41745,2,18,0,51,9
41735,5,7,3,12,3
41695,4,17,4,44,7
41540,0,19,1,21,4
41508,6,19,206,24,5
41494,6,9,7,169,31
41492,5,15,7,19,4
41491,5,7,3,77,13
41474,1,18,13,50,7
41457,6,14,20,125,20
41456,5,18,0,21,4
41453,0,18,2,125,17
41448,4,15,2,64,8
41446,6,16,1,87,13
41440,1,18,3,124,18
41435,4,18,1,42,7
41425,1,16,1,16,3
41410,5,19,9,37,5
41404,4,18,5,4,1
41392,2,18,11,14,3
41390,2,9,1,126,24
41383,6,16,2,42,8
41378,5,18,3,21,4
41377,5,9,0,114,24
41376,3,15,0,37,6
41373,6,19,2,17,3
41372,6,9,0,109,22
41359,4,17,7,77,11
41353,2,19,9,29,5
41352,2,10,0,100,22
41350,5,19,0,11,2
41342,5,13,0,100,22
41329,3,20,19,30,8
41316,0,16,7,40,7
41310,6,19,3,34,6
41309,6,10,0,110,22
41306,5,18,0,16,2
41297,2,19,12,3,1
41293,2,9,0,102,22
41249,6,7,14,68,9
41243,5,15,2,60,9
41225,4,18,48,169,26
41219,3,16,7,124,20
41209,0,17,5,0,0
41196,5,16,10,37,7
41191,5,11,4,0,0
41190,4,8,0,35,5
41183,1,18,0,54,8
41174,0,19,8,13,2
41158,6,17,14,50,8
41157,6,12,1,107,22
41155,5,18,0,68,10
41145,2,19,3,26,4
41144,2,10,0,102,23
41142,1,18,0,46,7
41134,6,18,4,0,0
41129,5,20,2,38,6
41128,5,10,0,103,21
41123,4,11,6,96,13
41115,2,19,5,38,7
41114,2,13,0,193,28
41113,2,10,0,100,22
41095,0,10,17,135,21
41091,6,19,3,89,15
41089,5,18,1,69,12
41081,0,17,2,30,5
41074,6,21,4,69,10
41068,6,19,9,13,3
41067,6,13,0,114,23
41065,5,10,0,253,37
41061,4,12,0,248,32
41057,2,11,0,289,43
41045,0,17,10,102,10
41042,5,12,1,61,11
41036,4,12,6,102,13
41035,3,15,0,99,13
41023,1,9,7,610,92
41019,0,17,0,100,13
41008,6,14,0,97,12
41004,6,7,3,281,42
40998,5,16,9,120,15
40980,4,9,16,127,17
40975,3,15,1,43,6
40974,3,9,0,70,13
40967,2,17,7,23,5
40965,2,12,0,114,23
40961,1,10,1,294,42
40958,0,10,1,32,4
40957,6,17,0,34,5
40953,6,10,1,67,13
40942,5,17,9,101,16
40941,5,16,0,30,6
40940,5,16,0,46,8
40939,5,16,0,29,5
40936,5,15,2,69,12
40934,5,14,1,36,7
40923,5,10,9,132,22
40918,5,8,5,51,9
40905,4,9,8,46,8
40903,3,12,0,72,10
40898,2,18,2,0,0
40886,6,17,3,23,4
40882,5,22,1,45,6
40876,5,13,3,326,46
40871,3,17,0,51,6
40866,1,9,3,147,26
40864,0,17,1,13,3
40855,5,17,8,22,4
40853,5,8,1,50,9
40842,1,17,7,0,0
40838,6,17,4,11,2
40837,6,11,0,0,0
40830,5,8,5,0,0
40819,3,15,2,28,5
40811,2,22,10,15,3
40806,2,19,5,21,3
40803,2,12,3,0,0
40801,2,9,0,66,10
40798,0,17,0,13,3
40788,5,17,4,36,7
40779,2,17,0,30,5
40774,2,2,4,27,5
40773,1,20,0,11,2
40771,1,19,1,35,7
40767,1,11,4,135,28
40763,6,17,0,50,8
40756,4,17,0,83,13
40754,2,16,0,36,5
40744,1,8,2,134,21
40734,6,17,2,43,5
40730,5,16,4,55,7
40726,4,17,0,54,8
40721,2,15,4,73,11
40708,1,15,16,60,8
40702,0,23,4,108,16
40701,0,19,0,66,7
40699,6,14,0,46,7
40695,5,18,0,170,27
40687,5,14,9,41,8
40682,2,19,1,70,11
40675,1,23,5,661,108
40669,0,18,0,13,3
40666,4,19,3,105,18
40663,2,13,0,0,0
40659,0,18,4,13,3
40653,6,16,1,34,6
40651,6,10,1,110,22
40647,5,18,3,71,10
40644,3,17,1,29,5
40635,2,17,0,1,1
40633,2,10,0,102,21
40623,0,18,7,145,20
40619,6,17,3,18,3
40617,6,10,1,107,22
40586,4,18,29,77,12
40580,2,22,3,38,5
40578,2,19,1,23,4
40572,2,13,3,0,0
40570,2,11,5,84,11
40568,2,10,2,135,27
40562,1,10,1,42,8
40558,0,18,3,31,6
40556,6,17,1,205,31
40546,5,18,8,20,3
40540,5,11,1,106,22
40539,4,17,0,0,0
40532,3,8,4,305,40
40524,2,19,5,23,4
40521,2,10,5,98,22
40519,1,17,0,13,3
40515,6,17,0,18,4
40508,5,18,2,26,3
40502,5,11,2,105,21
40493,4,16,6,38,5
40487,4,12,9,52,9
40485,4,10,1,48,6
40452,3,13,4,57,9
40444,3,4,6,12,2
40417,2,20,41,41,10
40410,2,19,27,69,11
40403,2,19,4,13,2
40401,2,19,4,7,2
40400,2,18,0,33,6
40396,2,17,3,25,4
40393,2,10,2,142,28
40389,1,9,3,42,7
40386,0,18,1,48,10
40385,6,8,0,19,4
40379,4,18,5,88,12
40376,3,17,2,49,9
40375,2,17,0,180,24
40372,1,10,1,67,11
40369,5,17,0,62,8
40367,3,17,1,13,3
40364,2,11,0,220,23
40361,2,6,0,3,1
40356,1,19,5,76,12
40352,1,9,3,7,1
40351,0,17,0,23,5
40349,6,18,2,26,4
40348,6,11,0,107,21
40345,5,7,0,142,19
40342,4,17,2,5,1
40341,3,18,0,12,2
40340,2,23,0,37,7
40334,2,19,0,39,6
40331,2,17,4,12,3
40327,2,10,3,140,28
40326,1,18,0,48,7
40325,0,16,0,10,2
40324,0,4,0,31,5
40322,6,12,1,78,13
40297,4,16,24,472,62
40286,2,20,8,7,2
40284,2,10,1,105,22
40282,1,9,0,3,1
40278,6,15,1,11,2
40275,6,7,0,18,2
40271,5,18,5,26,4
40268,5,11,1,109,21
40263,3,10,0,87,15
40261,2,12,0,3,1
40253,1,19,9,20,3
40252,1,18,0,0,0
40251,1,16,0,25,4
40246,1,9,4,136,28
40239,0,17,1,13,3
40232,6,18,5,60,12
40225,5,18,3,12,2
40222,4,16,0,33,5
40221,4,9,0,105,22
40218,3,18,1,62,10
40212,2,8,0,43,7
40194,6,7,14,56,7
40192,5,17,2,13,3
40188,3,15,3,24,4
40186,1,17,0,49,9
40180,0,18,3,37,6
40177,6,20,0,11,2
40174,6,9,0,103,22
40170,5,17,3,115,17
40168,3,18,1,13,3
40165,1,20,2,61,10
40164,1,20,0,42,8
40161,1,20,2,110,18
40157,1,19,2,67,11
40154,1,19,2,85,10
40153,1,19,1,43,8
40151,1,18,2,24,4
40150,1,16,0,52,7
40147,1,9,3,137,28
40140,0,17,3,42,6
40135,5,17,0,3,1
40133,4,19,2,25,4
40132,4,14,0,10,2
40124,2,17,2,0,0
40123,2,17,3,53,9
40112,1,14,3,47,6
40108,1,11,2,62,10
40075,0,19,7,38,7
40071,0,18,25,80,13
40066,0,18,5,23,5
40061,0,18,4,6,2
40058,0,17,2,42,7
40054,0,17,4,40,7
40053,0,16,2,35,6
40041,0,10,10,112,21
40031,5,17,1,457,67
40027,4,18,2,39,7
40016,3,18,5,22,4
40012,3,18,5,3,1
40008,3,16,3,40,7
40002,3,9,2,143,28
39994,2,17,2,13,3
39982,0,17,5,49,9
39975,6,17,1,66,9
39963,6,7,0,28,5
39958,5,14,0,104,21
39949,4,17,7,3,1
39941,3,19,1,21,4
39939,2,20,0,4,1
39933,0,18,0,62,10
39926,5,18,2,13,3
39916,3,13,0,15,2
39911,2,14,1,138,23
39900,0,18,1,8,2
39897,6,21,0,24,3
39893,6,10,0,101,20
39890,5,19,1,13,3
39856,3,19,10,74,11
39854,3,17,10,50,7
39848,3,8,8,4,2
39833,2,21,14,40,7
39829,2,18,2,25,4
39826,2,9,1,145,28
39824,1,17,3,30,6
39817,0,19,2,136,18
39814,6,17,0,36,8
39807,4,18,2,13,3
39802,3,12,1,47,7
39798,2,18,1,135,20
39795,1,21,0,27,4
39784,1,18,4,76,10
39776,1,9,9,142,27
39763,0,17,10,107,19
39758,6,19,4,4,1
39751,5,11,4,83,14
39746,4,19,3,230,39
39745,4,18,0,27,5
39743,3,20,1,41,8
39740,3,9,1,109,22
39732,2,4,3,209,33
39729,1,17,2,39,6
39725,6,18,0,30,5
39720,5,20,3,23,5
39716,5,9,1,104,22
39711,3,16,0,23,5
39698,1,17,0,131,18
39694,0,16,2,54,9
39687,6,10,0,23,3
39683,5,20,3,46,7
39679,5,9,0,114,23
39662,3,16,3,71,10
39651,2,18,1,13,3
39642,0,19,0,55,10
39638,6,10,0,23,3
39636,5,20,1,59,10
39627,5,9,0,99,20
39625,4,19,0,156,22
39621,2,12,1,43,6
39614,0,17,2,78,14
39613,0,13,0,52,9
39607,6,17,0,47,8
39600,5,20,4,32,6
39595,5,9,5,104,22
39590,4,15,5,81,15
39586,3,5,2,24,5
39584,2,18,3,13,3
39577,0,17,0,64,11
39568,6,18,5,56,7
39561,4,17,0,32,4
39558,4,9,1,98,19
39535,2,19,1,13,3
39492,1,9,4,52,7
39432,0,18,114,86,13
39409,0,9,21,133,25
39404,5,12,3,48,9
39395,4,12,6,35,7
39386,4,5,6,87,19
39380,3,17,3,45,7
39359,1,17,20,124,20
39356,1,5,0,20,3
39351,5,19,0,66,11
39349,4,19,0,78,12
39343,3,17,2,13,3
39318,1,20,19,18,3
39312,1,18,4,56,10
39305,1,12,8,125,26
39301,6,17,1,13,3
39298,4,14,0,75,13
39278,3,15,16,50,8
39269,3,11,8,128,25
39266,2,19,4,33,5
39264,1,17,2,39,6
39246,6,21,9,39,5
39237,6,18,8,74,12
39214,6,13,23,131,24
39211,5,19,1,13,3
39205,3,15,2,225,35
39199,2,17,2,139,23
39192,0,15,3,64,10
39185,6,12,4,151,20
39183,5,14,0,88,14
39172,2,17,4,83,12
39170,1,17,2,13,3
39166,0,19,3,126,18
39162,5,13,0,17,3
39159,5,8,0,15,4
39157,5,4,3,14,2
39151,4,18,1,56,9
39149,3,19,0,13,3
39130,2,21,14,68,9
39129,2,15,2,41,6
39125,1,20,4,15,4
39120,1,12,4,84,12
39116,0,19,2,35,6
39110,6,18,2,3,1
39109,6,13,2,34,5
39107,6,9,1,3,1
39104,6,6,1,43,6
39098,5,19,4,42,7
39096,5,18,2,23,4
39095,5,17,0,17,3
39093,5,10,1,101,21
39091,5,7,0,270,41
39088,4,17,0,2,1
39083,3,19,0,3,1
39072,2,16,4,18,3
39067,2,12,5,0,0
39064,2,9,2,0,0
39061,2,4,0,0,0
39055,1,20,7,47,7
39050,1,19,2,56,9
39045,1,10,2,104,21
39040,1,6,15,24,5
39034,0,14,3,16,3
39028,5,11,0,312,50
39026,5,7,0,51,9
39025,4,18,0,38,6
39008,4,6,25,35,6
39005,3,20,3,30,5
39002,3,12,1,2,1
39001,3,9,0,96,20
38988,0,17,0,47,8
38985,6,21,12,17,2
38984,6,10,0,104,21
38981,5,19,0,3,1
38978,4,17,0,13,3
38972,2,18,2,23,4
38971,2,9,0,93,20
38967,1,17,1,37,6
38955,6,19,6,6,1
38941,6,9,12,62,8
38937,5,17,1,3,1
38928,4,17,9,3,1
38905,4,5,18,12,2
38898,3,19,10,86,13
38896,2,17,0,13,3
38893,1,16,1,75,14
38890,6,18,1,23,4
38889,6,10,0,106,20
38888,5,16,0,13,3
38884,3,17,0,40,6
38882,3,8,0,39,6
38871,2,19,7,40,7
38869,2,18,5,27,4
38867,2,18,1,32,6
38859,2,16,9,80,12
38852,2,9,5,108,21
38847,1,18,3,36,6
38834,6,15,0,50,7
38825,5,23,2,20,3
38819,5,19,5,0,0
38811,5,18,12,36,7
38808,5,17,6,26,5
38797,5,9,11,109,21
38793,4,17,1,13,3
38786,3,16,6,102,16
38783,2,19,1,17,3
38778,2,19,4,46,8
38767,1,15,4,67,13
38766,0,9,0,39,6
38764,0,0,2,45,7
38760,6,17,1,21,3
38759,6,11,0,108,20
38758,5,18,0,21,3
38754,4,17,2,13,3
38735,3,18,2,24,4
38731,3,8,0,56,9
38727,2,18,16,39,5
38724,2,9,0,100,21
38723,2,4,0,50,7
38710,1,14,33,5,1
38708,0,3,0,43,8
38701,6,16,5,17,4
38700,6,12,0,35,4
38698,6,9,0,105,20
38694,5,10,6,0,0
38685,4,17,7,47,8
38682,3,10,0,39,6
38678,2,19,2,14,3
38677,2,13,0,34,3
38675,2,9,0,101,22
38673,1,15,0,25,5
38671,0,18,0,16,4
38669,6,14,0,42,7
38663,5,17,1,24,4
38661,5,10,0,103,22
38656,4,19,1,42,7
38643,3,19,105,32,5
38639,2,19,1,13,3
38631,1,9,4,43,7
38625,0,20,0,132,19
38617,0,13,0,39,7
38612,0,5,2,36,6
38605,6,17,3,66,11
38577,6,10,14,118,16
38560,5,23,14,102,13
38532,5,20,26,32,5
38519,5,19,202,23,4
38511,5,18,22,23,5
38492,5,13,13,251,43
38479,4,21,13,164,24
38473,4,17,5,23,6
38467,4,11,3,51,7
38446,3,19,21,79,10
38444,3,13,0,22,6
38435,2,11,7,179,25
38434,1,17,0,39,7
38431,0,15,0,0,0
38427,0,12,1,54,10
38422,0,7,2,145,25
38415,6,17,2,35,6
38409,6,10,6,109,22
38403,5,15,8,9,2
38392,5,6,10,10,2
38388,4,17,0,13,3
38386,3,17,0,47,7
38382,2,19,2,23,4
38378,2,10,2,98,21
38375,1,18,1,44,7
38365,0,18,5,19,4
38363,0,11,4,43,7
38359,6,18,4,78,13
38358,6,14,0,91,13
38354,6,4,1,70,13
38346,5,18,3,99,18
38342,5,17,7,4,1
38341,5,17,1,58,10
38339,5,17,1,58,10
38338,5,16,2,20,3
38337,5,16,0,70,11
38329,5,16,7,25,3
38326,5,15,1,49,8
38312,5,10,12,105,20
38304,4,9,3,58,8
38301,3,17,1,26,6
38294,1,17,2,13,3
38287,0,18,7,210,31
38285,0,14,1,59,11
38283,0,6,0,121,19
38282,6,17,0,47,8
38279,6,6,3,2,1
38276,5,17,5,41,6
38275,5,14,1,24,4
38274,5,10,0,93,21
38273,4,16,0,28,5
38269,3,12,3,24,5
38265,2,17,1,69,10
38263,2,7,0,29,4
38262,1,15,0,694,94
38260,1,5,1,0,0
38256,0,15,0,30,5
38253,6,16,6,28,5
38247,5,17,0,29,6
38245,5,12,1,103,21
38244,4,20,0,62,9
38237,3,22,0,38,7
38233,2,18,5,86,14
38232,2,15,0,67,11
38229,0,17,0,13,3
38220,6,17,8,80,13
38206,5,17,10,122,20
38202,5,15,4,46,7
38197,5,10,3,103,22
38181,3,17,14,40,7
38164,0,7,7,8,2
38141,6,10,9,8,2
38099,6,5,65,53,7
38094,5,18,3,52,8
38090,2,16,5,38,9
38089,0,15,0,118,19
38086,6,17,1,13,3
38082,5,17,4,49,8
38080,4,17,0,119,19
38077,2,17,1,71,16
38073,0,15,0,13,3
38072,6,18,0,30,4
38069,5,13,0,38,5
38059,3,18,31,8,2
38056,2,18,0,0,0
38055,2,16,0,24,4
38051,0,19,4,13,3
38049,6,16,0,43,8
38047,5,20,0,0,0
38045,5,14,0,72,9
38042,4,7,0,49,6
38035,3,20,17,0,0
38034,3,17,0,32,5
38033,2,17,0,49,7
38030,0,18,0,80,12
38022,5,23,3,38,5
38020,4,20,0,176,25
38017,3,6,1,36,6
38016,2,16,0,214,31
38008,0,15,7,45,6
38000,6,19,8,95,13
37998,6,2,0,71,8
37996,5,17,0,13,3
37993,4,18,2,40,6
37984,4,11,10,157,24
37977,3,16,3,153,23
37971,2,12,4,64,8
37950,1,13,4,52,6
37943,6,21,5,371,58
37942,6,15,1,35,7
37938,5,17,0,13,3
37936,3,15,0,225,33
37930,1,8,0,78,14
37923,0,16,12,17,2
37922,6,17,2,29,6
37916,4,13,1,170,27
37911,3,16,6,83,13
37908,3,13,3,146,23
37892,2,20,9,36,6
37886,2,17,6,91,12
37875,2,10,12,103,19
37873,1,18,2,13,3
37870,6,17,1,92,13
37864,5,17,0,24,3
37861,5,11,0,114,20
37815,3,15,41,126,20
37809,3,4,0,0,0
37803,2,20,8,57,8
37786,2,17,13,21,3
37779,2,10,7,105,20
37777,1,18,7,88,12
37770,6,9,4,215,30
37767,5,17,1,21,3
37763,5,11,0,99,19
37757,4,14,3,375,56
37747,3,17,0,38,6
37741,2,19,3,71,13
37740,2,11,0,101,20
37733,0,17,0,35,5
37723,6,17,0,30,4
37716,6,11,0,99,18
37697,5,19,36,38,7
37695,3,17,1,13,3
37682,1,22,7,38,5
37671,1,19,8,58,9
37655,1,14,21,28,4
37653,1,10,1,96,19
37647,6,17,1,33,7
37644,5,17,1,26,5
37643,5,9,0,113,22
37640,3,17,1,13,3
37639,2,14,0,140,20
37622,0,6,1,151,22
37616,6,17,19,205,32
37613,4,17,2,2,1
37610,2,17,10,22,4
37609,1,17,0,24,4
37606,0,17,1,13,3
37604,6,18,0,44,7
37597,5,19,0,14,3
37590,5,10,8,97,20
37588,4,17,0,2,1
37585,3,11,0,35,6
37576,2,17,8,81,12
37573,1,22,0,40,6
37569,1,19,1,22,4
37562,1,8,7,100,20
37558,0,11,1,30,5
37555,6,18,1,60,9
37551,5,20,1,49,9
37547,5,11,3,96,19
37542,4,17,3,24,4
37537,2,13,2,89,19
37533,0,17,3,25,5
37528,6,17,0,51,8
37521,5,19,6,11,2
37519,5,17,3,119,13
37517,5,12,0,102,20
37515,5,8,0,43,8
37512,4,17,2,13,3
37509,3,17,0,94,12
37493,2,21,11,23,4
37491,2,20,2,18,3
37490,2,19,0,47,7
37488,2,19,1,82,13
37478,2,10,8,96,20
37462,1,17,14,228,33
37459,6,18,0,26,4
37456,5,18,2,17,3
37455,5,10,0,98,20
37453,4,18,0,0,0
37445,3,17,4,24,4
37442,2,15,1,45,6
37441,2,11,0,98,19
37439,2,9,0,4,1
37437,1,14,1,21,4
37435,0,17,0,230,38
37417,6,15,14,39,6
37414,5,11,0,314,55
37413,5,10,1,17,3
37410,3,18,0,4,1
37408,2,16,1,48,9
37398,1,17,1,270,45
37392,6,16,1,23,4
37391,6,9,0,104,20
37386,5,17,3,123,20
37383,4,18,0,13,3
37376,3,17,3,45,7
37373,3,9,0,70,8
37362,2,21,10,74,14
37356,2,20,2,38,7
37352,2,19,5,94,13
37351,2,18,0,24,5
37344,2,17,3,23,4
37340,2,14,5,35,6
37329,2,9,9,96,20
37325,1,17,3,130,20
37318,0,16,4,100,18
37314,6,18,3,3,1
37312,5,18,1,63,10
37309,5,9,1,104,20
37305,3,18,2,162,26
37296,1,19,7,222,31
37293,6,19,0,8,2
37288,5,12,0,120,18
37283,4,17,0,61,11
37282,3,19,0,13,3
37264,1,21,6,24,3
37248,1,19,21,15,3
37234,1,18,16,43,8
37218,1,9,12,101,19
37207,0,12,6,119,18
37205,6,17,0,84,13
37200,5,20,1,46,7
37198,5,8,0,101,19
37196,4,17,0,2,1
37194,2,17,0,13,3
37173,1,16,19,123,17
37171,0,21,1,73,11
37158,6,20,11,145,21
37154,5,19,1,142,22
37151,4,19,0,13,3
37131,3,20,18,91,15
37124,3,18,5,92,14
37119,2,18,0,25,5
37116,1,17,1,228,34
37111,0,17,0,7,1
37109,0,6,0,15,3
37106,6,17,3,196,29
37099,5,16,22,80,12
37098,5,10,1,269,46
37051,3,16,33,88,14
37048,3,15,8,64,10
37043,3,7,5,107,16
37035,2,21,6,126,20
37023,2,17,15,153,27
37020,0,18,1,13,3
37018,6,17,0,38,6
37009,5,19,4,37,6
37007,5,16,3,18,3
37006,5,10,0,99,19
37004,4,14,0,33,5
37001,3,9,1,3,1
36988,1,18,2,13,3
36958,0,17,11,33,5
36953,0,14,18,28,5
36949,6,17,0,39,6
36919,5,20,1,77,15
36887,5,10,2,107,20
36859,4,18,6,306,44
36834,4,12,107,219,34
36828,3,18,6,8,2
36826,3,12,0,38,6
36801,2,13,24,168,26
36791,1,18,2,0,0
36786,1,6,0,16,3
36783,0,12,0,2,1
36781,6,17,3,0,0
36776,5,17,0,85,12
36775,5,10,0,96,14
36772,4,18,2,114,19
36769,4,10,0,98,19
36764,3,19,1,8,2
36762,2,16,0,35,6
36754,1,18,2,13,3
36751,1,7,1,53,9
36746,0,14,7,51,7
36739,6,20,0,48,7
36736,6,17,0,114,20
36735,6,12,0,102,19
36730,5,19,2,86,14
36726,4,18,0,131,18
36718,3,18,1,13,3
36710,2,17,4,3,1
36703,1,17,0,3,1
36697,1,7,23,70,12
36691,0,17,6,2,1
36690,0,17,1,53,9
36683,0,7,2,17,4
36678,6,20,1,137,26
36667,6,17,5,28,5
36656,6,11,1,102,19
36643,6,8,3,20,4
36616,5,14,21,64,9
36589,5,9,1,136,20
36564,4,17,4,20,4
36545,4,7,66,40,7
36534,3,17,3,49,6
36505,2,21,38,64,9
36484,2,11,15,96,19
36445,1,9,50,26,4
36439,0,18,1,13,3
36399,6,14,39,488,75
36382,5,20,12,18,3
36380,5,18,0,148,15
36378,5,11,0,100,20
36363,3,20,11,13,3
36353,2,19,3,8,2
36348,1,18,4,197,32
36336,0,18,5,8,2
36307,6,19,36,290,44
36303,5,20,2,66,10
36300,4,18,2,13,3
36260,3,18,40,176,26
36174,2,19,23,14,2
36162,2,18,63,158,27
36146,2,16,14,76,11
36144,2,11,2,91,18
36139,1,17,1,13,3
36127,0,11,8,36,5
36122,6,17,1,104,13
36104,5,19,15,97,19
36096,5,10,6,87,18
36090,4,21,2,57,8
36088,4,16,0,8,2
36083,3,16,0,0,0
36078,3,10,5,36,5
36059,2,11,0,63,8
35987,1,18,76,131,23
35973,1,17,18,52,10
35962,1,16,12,111,19
35957,1,16,11,33,6
35950,1,9,5,85,18
35940,0,17,4,139,21
35924,6,17,8,26,5
35906,6,10,28,44,6
35904,5,20,1,119,21
35898,4,18,1,23,4
35896,3,19,0,56,6
35894,2,19,1,13,3
35886,1,17,6,121,19
35882,0,18,1,26,3
35879,6,15,1,45,6
35877,5,19,0,54,9
35873,4,20,4,13,3
35870,3,14,0,58,9
35868,2,18,0,27,5
35867,2,13,1,184,30
35864,1,17,0,191,27
35860,0,14,3,45,6
35854,6,18,2,13,3
35851,5,17,0,323,41
35839,4,20,5,97,15
35829,4,15,14,22,4
35799,3,8,26,183,30
35795,2,17,3,8,2
35793,1,17,1,13,3
35770,0,8,22,127,20
35767,6,10,0,198,29
35764,5,17,2,0,0
35763,5,16,1,8,2
35759,4,17,4,0,0
35756,3,14,2,13,3
35755,2,17,0,8,2
35752,1,16,0,222,31
35748,0,16,2,2,1
35744,6,19,2,36,6
35741,5,16,0,8,2
35740,4,18,0,20,4
35738,3,17,0,13,3
35732,2,17,6,53,9
35721,1,14,3,32,8
35715,0,18,3,129,18
35710,0,13,1,27,4
35706,0,7,4,33,6
35702,6,20,0,41,7
35696,5,17,3,48,8
35693,5,12,1,120,23
35685,4,18,2,52,8
35671,4,13,15,135,19
35664,4,8,12,16,3
35655,3,21,8,88,16
35643,3,10,5,104,20
35637,2,14,1,30,6
35632,1,20,0,12,3
35618,0,19,18,38,6
35612,0,13,2,40,7
35596,6,12,2,146,24
35593,5,16,0,89,13
35592,5,10,0,98,20
35583,4,17,8,112,20
35579,4,7,2,52,9
35578,3,16,2,61,9
35575,2,18,2,139,28
35574,2,17,0,122,22
35573,2,16,0,190,25
35572,2,10,0,119,25
35570,1,19,0,55,9
35568,0,15,0,60,8
35564,6,16,1,66,11
35562,6,12,0,13,3
35558,5,19,3,64,12
35555,5,10,0,95,19
35549,4,15,1,110,18
35546,3,15,1,189,29
35543,3,8,0,30,4
35540,2,16,4,8,2
35535,1,12,3,102,14
35533,1,7,0,80,13
35524,0,19,7,60,12
35521,0,12,1,94,18
35517,6,15,2,63,10
35515,5,18,0,182,27
35511,4,16,3,94,18
35509,4,10,2,54,8
35506,3,19,0,13,3
35499,2,20,1,81,14
35492,2,19,8,368,49
35484,2,16,7,143,22
35480,1,15,0,2,1
35477,1,7,1,29,6
35472,0,12,0,19,5
35466,6,19,3,53,8
35464,6,17,4,49,8
35460,5,19,1,13,3
35457,4,17,4,26,4
35454,3,19,0,7,1
35452,3,6,0,23,4
35446,2,18,5,57,9
35441,2,17,0,36,7
35437,2,16,5,185,24
35428,2,11,8,102,19
35421,1,17,5,152,22
35411,0,16,1,16,3
35405,6,20,1,58,9
35394,6,17,13,45,7
35382,6,11,9,42,7
35356,5,18,30,20,3
35355,5,18,4,128,23
35352,5,10,0,106,21
35347,4,16,1,196,33
35341,4,12,4,350,52
35337,3,19,3,55,8
35333,3,18,5,50,6
35330,2,16,0,13,3
35329,2,11,4,232,35
35320,2,8,0,47,8
35313,1,20,2,38,7
35289,1,9,14,164,24
35262,0,17,45,37,6
35247,6,20,1,13,3
35236,6,8,8,132,17
35230,5,15,5,26,3
35223,4,20,1,51,7
35216,3,16,12,13,3
35212,2,17,0,52,9
35211,2,13,2,70,12
35209,1,16,0,32,5
35207,1,10,1,470,46
35200,0,18,6,106,19
35192,0,9,5,107,20
35188,6,17,2,13,3
35183,5,18,5,50,8
35182,5,13,0,24,4
35180,4,17,0,8,2
35173,3,16,5,59,9
35172,3,13,1,65,10
35168,3,11,1,86,14
35163,2,18,5,95,20
35162,2,15,0,101,19
35157,1,11,4,34,6
35152,0,17,5,39,7
35142,6,18,4,23,5
35140,6,12,0,32,5
35134,5,21,6,15,3
35131,5,18,2,86,18
35129,5,10,1,99,20
35127,5,6,0,48,7
35124,4,13,1,72,12
35122,3,19,1,8,2
35119,3,7,0,47,7
35117,2,18,0,13,3
35101,1,17,11,110,18
35091,0,20,9,140,23
35090,0,17,0,93,16
35083,0,9,6,138,25
35081,6,17,1,8,2
35075,6,15,0,76,12
35072,6,13,3,118,18
35067,5,17,3,102,15
35066,5,17,0,13,3
35064,5,13,0,32,5
35040,4,21,26,125,22
35035,4,19,1,55,9
35026,4,11,9,125,25
35023,3,17,0,189,22
35017,2,18,0,13,3
35014,2,14,2,202,37
35012,1,17,1,47,9
35006,0,17,4,39,7
35003,6,20,0,33,4
34999,6,18,3,90,14
34998,6,11,0,97,18
34994,5,18,0,8,2
34986,4,16,3,141,20
34985,4,14,0,113,15
34981,3,19,1,13,3
34976,3,17,4,88,14
34974,3,7,0,59,9
34953,2,16,0,2,1
34950,2,16,19,117,23
34946,2,13,2,146,27
34938,1,18,7,49,9
34925,0,16,8,48,7
34916,0,8,8,49,8
34914,6,19,5,75,12
34909,6,17,5,26,5
34906,6,10,1,103,20
34903,5,17,0,8,2
34897,5,11,2,43,6
34887,4,16,4,123,19
34881,4,9,8,268,35
34880,3,18,0,13,3
34878,2,17,2,44,7
34877,2,14,0,86,14
34875,2,13,0,44,7
34867,1,20,4,136,20
34859,1,15,4,64,10
34858,1,12,4,93,20
34855,0,18,0,198,30
34848,6,18,2,85,15
34833,5,15,5,9,1
34830,5,13,0,31,5
34823,5,10,8,371,62
34816,5,8,5,30,4
34796,4,20,17,73,13
34790,4,18,7,36,6
34788,4,18,1,60,11
34786,4,18,3,43,5
34783,4,17,4,152,21
34773,4,10,8,104,20
34770,3,16,1,2,1
34764,2,16,2,24,6
34761,2,12,1,0,0
34750,1,18,2,49,7
34748,0,18,0,2,1
34747,6,20,1,13,3
34743,6,12,2,78,13
34738,5,15,5,66,13
34737,5,12,0,98,19
34725,4,18,0,8,2
34694,3,20,20,52,9
34689,3,18,22,10,2
34686,2,21,0,13,3
34679,1,21,6,34,6
34674,0,8,0,105,18
34670,6,12,1,335,50
34668,6,6,3,34,9
34663,5,18,0,221,33
34662,5,16,4,20,3
34659,5,10,1,218,36
34658,4,18,0,8,2
34655,3,19,0,33,4
34649,2,16,5,150,27
34645,1,15,1,31,4
34642,0,18,2,39,7
34636,6,19,0,13,3
34632,6,8,1,144,27
34621,5,18,12,35,6
34619,5,15,1,24,3
34618,5,11,0,102,19
34611,4,16,5,33,5
34610,3,16,1,85,11
34607,3,11,0,81,11
34604,2,17,3,13,3
34601,1,18,0,8,2
34600,0,16,0,85,5
34598,0,14,1,192,30
34583,6,18,1,401,57
34577,6,8,2,45,7
34571,5,15,0,3,1
34569,5,13,1,91,14
34568,5,9,0,145,24
34564,4,17,0,74,12
34561,3,17,2,9,2
34560,3,14,0,51,7
34557,2,16,0,77,11
34551,1,16,1,33,5
34542,0,16,2,194,32
34540,0,12,0,419,60
34535,6,17,0,32,4
34531,6,13,4,181,26
34526,5,18,1,13,3
34510,5,8,25,65,9
34502,4,18,1,75,12
34497,4,10,4,98,16
34495,4,5,1,21,4
34487,3,14,7,33,5
34485,2,16,0,50,7
34479,1,14,1,8,2
34476,0,19,0,33,4
34473,0,10,1,131,23
34470,6,17,1,0,0
34469,6,16,1,98,16
34467,5,16,0,88,15
34461,4,14,1,33,5
34458,3,17,0,64,10
34453,3,7,3,68,8
34451,2,17,1,66,9
34445,1,17,5,49,7
34439,0,18,3,375,62
34438,0,15,2,25,3
34433,6,16,4,26,5
34431,6,11,0,196,31
34427,5,14,3,57,10
34425,4,18,1,233,40
34424,4,10,0,25,4
34421,3,9,0,50,8
34419,2,19,1,35,4
34417,2,14,0,265,42
34401,1,16,1,8,2
34389,1,10,13,403,47
34388,1,8,0,59,8
34387,0,21,1,352,53
34379,0,17,3,52,9
34376,0,12,1,0,0
34375,0,9,1,75,12
34361,6,17,3,117,10
34351,6,6,8,229,36
34342,5,20,8,105,8
34331,5,12,7,312,49
34328,5,5,2,68,8
34322,4,20,4,255,39
34319,4,17,1,66,7
34317,4,14,1,0,0
34315,3,17,2,35,6
34314,3,11,0,78,11
34311,2,17,1,104,13
34304,2,14,11,36,5
34298,1,16,1,156,25
34292,0,8,3,0,0
34279,5,23,10,39,5
34274,5,17,4,485,79
34268,4,17,2,54,7
34266,4,10,0,20,4
34262,3,21,5,397,56
34260,3,17,1,43,6
34257,2,14,0,166,24
34255,1,17,0,13,3
34253,0,16,2,34,6
34251,6,16,0,59,8
34248,5,17,0,13,3
34241,4,18,5,34,5
34238,4,13,1,385,68
34237,4,8,0,153,23
34234,3,17,1,142,20
34233,3,11,0,79,11
34230,2,17,0,8,2
34223,1,15,0,13,3
34221,1,13,0,193,29
34216,0,18,3,153,22
34213,0,15,2,74,13
34198,6,20,12,112,18
34195,6,17,4,40,6
34191,6,11,1,128,17
34176,5,13,3,238,32
34121,4,15,62,544,78
34118,3,17,0,8,2
34115,2,17,0,28,5
34107,1,17,1,13,3
34091,0,16,9,177,32
34088,0,8,3,120,17
34084,6,17,0,8,2
34081,5,17,1,13,3
34071,4,17,16,22,3
34065,4,12,4,50,6
34061,3,22,2,100,15
34059,3,19,0,111,16
34052,3,12,5,215,33
34045,3,7,3,60,11
34041,2,13,1,95,7
34038,1,17,3,8,2
34035,0,18,3,21,4
34027,6,18,3,13,3
34017,5,11,1,0,0
34013,5,9,2,47,8
33991,4,21,16,82,12
33979,4,20,9,19,3
33970,4,19,5,44,7
33960,4,19,8,37,6
33958,4,19,0,35,5
33954,4,18,3,52,7
33945,4,16,8,137,22
33918,4,10,17,164,34
33910,3,19,1,467,70
33888,3,15,28,303,52
33886,3,8,0,34,6
33884,2,20,0,38,6
33882,2,16,1,67,10
33879,2,10,0,323,50
33875,1,18,0,13,3
33873,1,12,0,57,7
33863,0,17,6,322,51
33860,0,14,2,77,13
33845,0,12,13,157,26
33838,0,10,5,93,15
33835,0,10,1,69,9
33828,0,7,4,176,34
33826,6,19,1,367,53
33821,6,14,2,65,11
33791,6,9,12,93,17
33766,5,18,18,134,12
33762,5,11,24,78,14
33759,4,18,1,13,3
33753,4,9,4,257,37
33750,4,7,4,39,6
33725,3,18,4,83,13
33716,3,18,6,53,8
33700,3,17,19,71,16
33673,3,12,15,241,37
33655,3,9,25,148,28
33649,2,19,3,369,59
33646,2,17,1,191,28
33630,2,13,0,27,4
33610,2,9,2,90,15
33574,1,20,8,133,19
33548,1,19,66,55,8
33526,1,17,11,32,6
33515,1,17,22,17,3
33512,1,17,8,3,1
33510,1,16,2,215,27
33499,1,16,8,51,11
33486,1,14,1,162,24
33474,1,9,2,36,7
33463,1,6,25,59,10
33451,0,19,0,38,6
33437,0,16,21,113,18
33420,0,9,17,345,52
33407,6,18,15,111,19
33391,6,12,20,36,5
33385,6,5,0,16,3
33383,5,17,0,129,24
33378,5,12,2,65,10
33371,5,7,4,260,39
33365,4,14,0,40,7
33356,3,18,3,5,1
33352,3,12,3,8,2
33348,2,18,0,99,14
33340,2,14,3,205,30
33338,2,8,1,91,14
33324,1,20,2,13,3
33293,1,8,19,237,36
33276,0,18,19,54,9
33271,0,15,0,8,2
33258,0,4,0,29,6
33255,6,20,3,133,24
33229,6,17,52,108,16
33223,6,14,5,59,11
33221,6,9,0,111,19
33218,6,4,0,54,8
33212,5,19,2,28,4
33205,5,11,1,191,25
33198,5,7,7,140,19
33192,4,18,0,48,11
33189,4,13,0,14,3
33184,4,7,5,29,5
33180,3,19,2,60,11
33167,3,14,12,8,1
33163,3,9,0,108,20
33155,2,18,2,28,4
33146,2,15,11,32,6
33144,2,12,0,8,2
33132,1,17,3,143,22
33130,1,12,2,0,0
33127,1,8,1,13,3
33119,0,17,4,7,3
33115,0,12,0,0,0
33109,0,5,0,40,6
33103,6,17,5,63,11
33100,6,16,4,70,13
33096,6,7,0,326,56
33070,5,14,33,22,3
33065,4,20,0,30,4
33061,4,15,3,185,26
33056,4,8,0,111,18
33053,4,7,1,23,3
33039,3,19,12,46,6
33036,3,19,2,49,7
33030,3,18,5,55,10
33028,3,18,1,48,8
33023,3,18,2,0,0
33020,3,18,4,38,6
33012,3,17,6,55,8
33010,3,17,2,111,18
33004,3,17,5,148,17
33000,3,14,0,177,30
32997,3,8,0,152,29
32980,2,19,16,120,18
32974,2,15,1,69,10
32968,2,12,10,142,23
32965,1,17,0,46,7
32962,1,15,2,203,28
32959,1,8,0,41,6
32941,0,17,28,9,1
32938,0,8,0,61,10
32933,6,20,2,28,4
32931,6,18,1,56,9
32927,6,9,0,108,19
32922,5,10,0,10,3
32905,4,15,4,0,0
32894,4,6,10,326,47
32882,3,20,5,69,12
32878,3,20,12,18,5
32876,3,19,0,78,12
32874,3,19,0,78,13
32871,3,19,0,31,7
32864,3,18,5,135,16
32852,3,10,9,125,20
32840,2,13,0,0,0
32839,2,12,10,122,16
32835,2,8,0,0,0
32830,1,21,6,82,12
32827,1,13,2,224,34
32814,0,19,4,157,23
32810,0,17,5,106,16
32798,6,17,7,7,1
32797,6,14,0,126,15
32793,6,12,1,93,18
32788,6,8,2,241,50
32782,5,18,5,34,7
32779,5,7,1,15,3
32769,4,15,13,5,1
32767,4,8,1,23,3
32765,3,18,0,68,13
32763,3,16,1,161,20
32758,3,9,0,106,19
32755,2,20,1,124,20
32753,2,18,1,21,4
32749,2,7,4,581,92
32747,1,19,1,44,7
32742,1,12,2,20,4
32738,0,13,0,277,41
32732,6,17,0,30,7
32726,6,14,8,55,9
32722,6,11,5,161,20
32719,5,18,0,218,35
32718,5,14,0,0,0
32711,4,20,3,33,4
32705,4,10,0,23,3
32698,3,21,6,84,14
32697,3,20,0,49,8
32695,3,19,1,35,5
32689,3,19,5,13,2
32687,3,18,0,171,22
32678,3,9,12,131,21
32673,2,18,0,2,1
32671,2,15,1,72,13
32661,1,14,4,259,36
32658,0,11,2,69,11
32644,6,15,6,179,31
32638,6,13,3,129,15
32634,6,9,0,115,19
32623,5,19,14,5,1
32617,5,11,1,145,25
32615,5,8,2,743,118
32598,4,14,0,22,5
32575,4,9,30,44,7
32573,4,8,2,23,3
32563,4,6,12,31,5
32539,3,18,26,14,2
32538,3,18,0,36,6
32534,3,18,3,82,14
32527,3,17,6,49,10
32519,3,17,6,32,6
32516,3,17,0,61,11
32515,3,17,0,61,12
32512,3,16,7,34,4
32509,3,16,0,151,23
32508,3,15,1,37,4
32488,3,9,0,86,17
32486,3,7,0,25,4
32482,2,16,2,555,95
32481,2,9,0,391,56
32471,1,17,4,77,12
32468,1,13,0,231,35
32462,0,19,3,2,1
32459,0,7,0,23,3
32454,6,17,1,31,4
32453,6,16,2,30,6
32452,6,15,0,25,5
32450,6,14,0,165,22
32447,6,9,0,98,17
32439,5,20,4,50,7
32413,5,8,16,193,28
32406,5,7,6,26,4
32381,4,19,42,170,29
32378,4,16,2,104,15
32374,4,7,0,39,6
32358,3,20,32,68,8
32350,3,16,5,57,11
32349,3,15,0,44,8
32347,3,14,0,20,3
32346,3,13,2,170,21
32344,3,11,1,143,22
32340,3,8,0,188,32
32335,2,20,6,0,0
32319,2,8,7,73,12
32275,1,20,45,162,26
32274,1,16,0,419,59
32266,1,9,7,186,30
32260,0,18,5,39,6
32257,0,7,0,575,79
32254,6,16,0,334,62
32246,6,7,7,108,19
32229,5,9,15,123,21
32227,5,8,0,73,9
32222,4,19,2,34,5
32219,4,11,2,2,1
32217,3,17,0,80,11
32215,3,8,0,571,88
32211,2,17,2,16,3
32206,1,18,0,0,0
32205,1,16,0,49,7
32204,1,13,0,203,27
32199,0,19,0,69,14
32197,0,11,1,108,19
32194,0,7,0,36,6
32188,6,17,5,54,7
32187,6,15,0,39,6
32186,6,15,1,36,5
32185,6,14,0,44,6
32182,6,14,4,161,22
32179,6,9,0,81,14
32173,5,14,1,110,15
32171,5,11,2,50,9
32161,4,16,9,684,105
32156,4,10,0,217,34
32153,3,18,8,34,4
32151,3,18,2,43,8
32150,3,18,0,91,14
32147,3,17,0,31,5
32141,3,17,2,34,6
32138,3,16,3,117,18
32136,3,16,3,134,17
32125,2,19,0,143,20
32124,2,16,6,127,23
32122,2,9,2,47,9
32117,1,11,4,114,17
32115,0,20,0,2,1
32110,0,6,4,500,73
32104,6,18,2,185,24
32103,6,16,3,30,6
32100,6,16,2,59,10
32099,6,15,1,64,10
32098,6,15,0,48,8
32097,6,15,0,52,8
32096,6,14,0,128,17
32095,6,9,0,143,23
32093,6,7,0,38,7
32090,5,20,2,35,6
32086,5,13,0,124,18
32084,5,7,2,430,71
32069,4,19,12,41,6
32066,4,9,1,3,1
32062,4,6,0,62,10
32054,3,21,4,38,6
32049,3,20,7,65,11
32043,3,19,4,92,16
32040,3,18,2,107,17
32035,3,18,5,139,18
32029,3,13,1,38,6
32023,3,6,8,136,26
32015,2,15,3,151,23
32010,2,9,4,20,4
32009,2,7,0,26,4
32005,1,19,0,59,9
32000,1,5,5,299,46
31996,0,18,0,55,7
31989,0,14,8,730,111
31988,0,6,0,68,12
31984,6,20,2,68,11
31983,6,18,0,67,12
31981,6,18,0,66,10
31979,6,18,1,59,9
31977,6,17,1,127,17
31962,6,14,0,166,26
31936,6,6,10,163,26
31930,6,5,26,306,51
31929,5,20,0,34,4
31926,5,9,0,0,0
31925,5,7,0,525,89
31917,4,18,2,1217,191
31910,4,11,0,29,4
31909,4,8,0,101,24
31906,3,19,2,797,125
31905,3,18,0,213,35
31897,3,13,0,42,6
31894,3,10,2,131,20
31892,3,8,5,130,17
31891,3,8,1,168,25
31886,3,6,1,54,10
31883,2,20,1,110,20
31879,2,19,2,39,7
31876,2,18,3,27,5
31875,2,18,0,3,1
31873,2,18,1,32,7
31869,2,17,2,53,9
31867,2,17,2,31,6
31855,2,8,10,1071,171
31848,2,6,6,66,12
31839,1,20,2,77,12
31836,1,18,3,75,11
31829,1,7,2,63,13
31827,1,5,6,409,68
31823,0,21,1,0,0
31816,0,18,6,3,1
31811,0,13,0,149,25
31810,0,12,0,159,27
31802,0,9,3,76,13
31800,0,6,4,245,38
31786,6,15,3,588,88
31783,6,13,0,115,17
31776,6,12,0,46,8
31750,6,7,40,25,4
31725,5,20,11,120,19
31722,5,20,5,48,8
31717,5,20,10,0,0
31716,5,20,4,42,8
31715,5,20,0,60,11
31711,5,19,1,37,6
31709,5,19,2,77,10
31706,5,19,0,33,6
31704,5,18,2,38,8
31701,5,18,0,66,9
31694,5,18,6,32,5
31685,5,18,4,52,10
31674,5,16,21,43,5
31667,5,8,1,370,52
31657,5,7,13,164,25
31647,4,21,3,32,5
31645,4,19,1,333,55
31627,4,16,12,51,7
31600,4,14,25,52,9
31567,4,11,41,147,19
31564,4,11,1,114,18
31548,4,6,18,535,78
31540,3,17,4,606,92
31536,3,15,3,175,27
31525,3,11,11,543,76
31521,3,7,3,345,56
31507,2,14,1,49,8
31495,2,11,9,237,39
31489,2,9,1,0,0
31487,2,9,1,50,8
31450,2,4,39,267,37
31412,1,21,24,105,17
31397,1,20,19,3,1
31381,1,19,6,3,1
31374,1,19,11,125,22
31359,1,19,17,66,11
31348,1,19,9,34,3
31341,1,19,8,137,21
31335,1,18,2,31,5
31323,1,18,5,24,4
31287,1,13,6,210,38
31261,1,10,55,168,26
31259,1,7,3,160,23
31251,0,16,0,0,0
31245,0,15,0,511,76
31240,0,14,13,157,26
31235,0,7,2,638,103
31220,6,12,16,87,14
31217,6,7,2,449,69
31209,5,19,2,631,103
31206,5,18,0,477,81
31196,5,8,2,1527,264
31189,4,21,2,446,68
31178,4,15,7,13,3
31175,4,14,2,0,0
31165,4,11,18,827,123
31164,4,10,6,929,130
31153,3,17,1,66,10
31151,3,15,0,86,12
31146,3,12,1,0,0
31132,3,7,9,73,14
31099,2,20,17,147,24
31086,2,20,11,22,3
31084,2,20,1,32,5
31077,2,19,6,33,6
31063,2,19,9,96,18
31053,2,19,13,56,10
31047,2,19,5,22,3
31046,2,19,2,21,3
31042,2,19,3,95,13
31030,2,18,15,23,4
31020,2,15,6,68,11
31013,2,12,7,236,37
31010,2,10,2,30,4
31004,2,7,2,162,23
31003,2,6,3,35,7
30990,1,17,3,97,16
30985,1,15,9,60,10
30984,1,12,0,235,42
30982,1,11,0,132,23
30979,1,10,5,26,5
30971,1,6,0,595,93
30964,0,15,5,52,8
30960,0,13,1,0,0
30958,0,11,0,3,1
30955,0,7,6,46,8
30931,6,18,17,123,20
30928,6,15,0,41,8
30918,6,12,11,70,8
30916,6,8,0,53,9
30898,5,20,15,118,24
30896,5,20,1,47,8
30895,5,20,0,78,15
30892,5,19,2,33,6
30889,5,18,1,47,8
30888,5,18,0,38,6
30886,5,18,1,44,6
30881,5,18,3,57,9
30874,5,11,1,84,13
30865,5,9,13,90,16
30864,5,8,0,0,0
30859,4,20,6,2484,438
30851,4,15,2,160,28
30842,4,11,2,339,50
30825,4,8,22,77,12
30824,4,8,2,35,6
30810,3,17,14,228,34
30801,3,15,9,12,2
30789,3,12,10,39,7
30786,3,12,5,0,0
30784,3,9,0,331,55
30782,3,9,1,0,0
30780,3,8,1,593,91
30759,2,15,12,50,8
30757,2,13,1,515,79
30748,2,11,7,338,55
30747,2,9,0,36,6
30734,2,4,6,57,7
30723,1,19,8,87,13
30720,1,18,1,45,8
30718,1,17,1,45,9
30717,1,17,1,69,10
30715,1,16,0,41,7
30711,1,15,3,40,6
30698,1,13,12,103,18
30691,1,11,0,130,18
30675,1,8,14,15,3
30659,0,22,13,46,8
30646,0,18,13,50,8
30641,0,14,3,99,11
30628,0,11,4,60,9
30622,0,10,10,137,22
30620,0,9,5,102,16
30612,0,8,11,786,111
30608,6,15,4,44,6
30606,6,14,1,35,4
30597,5,13,7,53,7
30595,5,12,12,675,89
30580,4,15,5,40,7
30579,4,15,5,54,9
30560,4,0,0,0,0
30545,3,15,7,97,18
30529,3,13,24,36,7
30526,3,10,2,321,51
30524,3,9,3,26,6
30515,3,6,9,41,6
30504,2,23,0,37,7
30503,2,23,6,425,64
30498,2,23,4,137,16
30456,6,19,21,54,11
30448,6,10,7,479,79
30441,5,2,5,391,46
30391,2,19,26,90,17
30378,2,17,24,356,63
30373,2,16,8,273,37
30350,5,17,11,111,20
30343,5,15,5,225,31
30342,5,14,2,153,26
30318,3,20,24,146,22
30309,0,15,7,206,29
30305,0,4,2,119,15
30300,6,17,6,118,20
30298,6,11,0,418,63
30291,2,23,6,18,3
30289,0,20,0,743,134
30280,6,7,7,115,16
30279,6,7,2,916,134
30259,2,17,0,225,33
30258,2,16,4,144,27
30255,2,16,13,211,38
30241,1,19,17,146,23
30231,1,12,6,693,102
30228,0,20,3,163,19
30217,0,12,9,45,7
30204,5,18,9,39,6
30203,5,17,0,29,5
30198,5,16,4,223,30
30191,5,9,0,138,24
30188,5,8,2,5,1
30179,4,23,13,139,16
30172,4,19,4,21,4
30171,4,19,2,25,5
30156,0,4,6,350,57
30142,6,19,13,53,10
30141,6,19,8,321,45
30140,6,19,0,166,24
30131,6,14,8,141,25
30101,3,6,8,98,14
30093,2,18,0,209,29
30092,2,18,7,110,20
30090,2,18,2,56,10
30069,1,14,21,281,44
30056,6,15,4,2881,479
30046,5,16,16,200,44
30043,5,15,1,274,45
30037,5,15,6,380,57
30033,4,7,3,62,9
30018,1,10,3,462,73
30010,0,7,7,15,2
29964,3,19,39,0,0
29941,3,7,21,149,23
29922,0,20,0,27,4
29914,0,18,14,48,7
29904,0,18,2,23,6
29901,0,18,6,4,1
29890,0,17,16,27,3
29883,0,14,5,27,3
29876,0,9,6,123,18
29873,5,8,0,15,3
29845,3,22,6,48,7
29835,3,21,22,14,2
29783,3,19,0,69,9
29754,3,9,30,140,22
29733,6,20,4,27,4
29731,6,19,7,3,1
29715,6,18,17,20,3
29707,6,17,12,40,5
29702,6,16,5,74,10
29696,6,14,5,27,3
29692,6,10,3,142,23
29657,4,5,26,98,13
29649,3,19,7,48,7
29646,3,19,1,27,4
29644,3,16,3,47,5
29640,3,13,0,27,3
29638,3,10,1,116,18
29633,2,22,4,16,2
29628,1,15,2,100,16
29625,1,11,2,31,5
29601,6,22,9,27,4
29600,6,22,0,30,5
29596,6,20,0,0,0
29581,6,19,16,27,4
29549,6,17,20,31,4
29544,6,17,8,40,8
29542,6,17,17,64,12
29536,6,16,1,27,3
29523,6,10,6,130,20
29502,4,11,17,189,28
29500,4,8,0,0,0
29497,3,22,3,62,10
29478,0,21,14,18,3
29476,0,21,0,34,6
29474,0,20,1,48,7
29473,0,20,1,49,8
29459,1,17,9,1768,274
29458,4,11,1,531,71
29457,2,22,0,70,11
29446,4,17,4,224,39
29444,4,13,0,142,21
29443,4,13,7,0,0
29439,1,18,0,108,17
29438,0,4,0,256,43
29435,0,1,1,228,35
29434,4,14,0,0,0
29427,0,17,1,253,39
29379,3,11,0,202,41
29364,1,13,1,916,173
29363,1,13,0,83,12
29362,1,13,64,553,70
29348,6,10,2,2572,430
29342,5,20,10,221,30
29339,4,0,2,120,23
29336,2,11,2,170,27
29329,0,19,6,319,49
29327,0,19,2,229,36
29323,0,4,3,480,83
29311,4,20,9,511,83
29284,4,1,3,866,142
29282,4,1,6,113,20
29267,3,22,23,181,30
29251,3,20,5,139,25
29244,3,19,22,197,34
29243,2,20,0,0,0
29242,2,15,0,74,14
29237,6,14,4,66,9
29235,6,6,1,153,25
29228,2,19,6,63,9
29221,6,15,4,90,14
29220,6,14,0,384,57
29219,6,14,2,855,129
29215,4,19,0,613,105
29205,3,19,11,62,8
29182,2,14,19,66,9
29178,1,3,4,915,147
29173,6,14,5,157,27
29171,6,10,1,497,69
29170,6,2,0,184,35
29169,5,11,0,31,5
29168,5,11,0,71,12
29167,5,11,0,46,8
29166,5,7,0,56,9
29163,3,15,2,55,9
29158,3,12,4,136,24
29113,0,1,42,16,3
29102,6,16,11,465,77
29091,6,17,9,97,17
29090,6,16,0,244,39
29087,6,8,1,114,20
29063,4,13,18,25,5
29057,3,23,5,27,4
29054,2,11,1,105,15
29053,1,17,0,35,5
29045,6,14,7,73,12
29044,6,13,0,124,17
29043,6,12,0,144,25
29032,2,17,8,143,22
29031,2,10,0,120,21
29015,6,18,9,28,5
29008,6,18,13,451,71
29007,6,9,0,117,20
29006,5,13,0,69,9
28995,3,18,3,45,9
28990,3,16,2,113,22
28987,3,12,9,276,38
28983,2,19,3,235,39
28976,5,15,1,205,32
28974,5,15,2,123,22
28973,5,14,0,406,58
28972,5,13,3,0,0
28968,1,2,1,158,24
28963,6,22,4,45,6
28960,6,17,2,136,24
28957,6,10,0,0,0
28937,3,21,6,57,10
28936,3,21,0,32,4
28932,3,21,10,87,17
28931,3,20,4,50,8
28925,3,19,7,146,22
28922,1,19,2,270,33
28919,6,15,2,77,11
28917,6,8,1,146,26
28916,1,19,0,810,146
28912,6,18,3,70,12
28899,6,16,0,367,57
28873,6,10,31,491,44
28862,3,19,9,135,25
28860,3,17,1,73,18
28856,5,18,2,79,15
28854,5,9,1,115,18
28852,4,19,2,702,105
28851,4,14,0,272,40
28838,5,19,3,40,5
28837,5,18,9,160,27
28832,2,15,3,144,26
28831,2,1,0,617,116
28828,6,18,0,41,6
28827,6,16,0,277,40
28822,6,6,1,50,8
28818,5,10,0,163,29
28817,5,10,5,1227,183
28815,5,4,1,666,114
28795,4,12,18,291,60
28794,4,12,4,118,21
28791,4,4,3,230,38
28789,3,18,1,126,25
28788,3,18,0,253,42
28785,6,10,1,24,4
28784,5,19,0,93,16
28783,5,17,0,141,26
28777,2,16,0,226,36
28770,2,4,7,162,28
28764,1,21,6,24,6
28763,1,18,0,144,26
28748,1,10,11,378,57
28732,2,0,6,169,31
28700,1,18,23,114,19
28686,1,15,5,131,29
28685,1,15,9,27,5
28684,0,12,0,0,0
28683,6,17,0,0,0
28679,4,20,0,115,18
28678,4,12,1,257,33
28677,3,15,1,217,50
28672,3,4,4,10,1
28670,1,23,0,144,18
28669,1,23,0,175,29
28649,1,19,1,9,2
28647,1,19,1,8,3
28642,1,18,2,284,35
28639,1,9,3,128,23
28638,1,8,0,0,0
28637,0,15,0,186,29
28636,0,15,0,600,79
28635,0,11,0,185,31
28633,5,18,1,103,18
28632,5,7,0,152,26
28628,3,20,2,172,22
28617,2,21,1,67,10
28610,2,20,14,142,26
28595,2,18,1,14,3
28594,2,17,0,170,27
28593,2,8,0,129,22
28585,0,12,0,993,161
28584,5,19,0,24,4
28583,5,18,0,184,30
28580,5,13,2,143,25
28579,4,17,0,0,0
28569,3,5,0,16,4
28525,2,15,56,247,41
28513,2,9,11,18,3
28512,1,15,0,278,44
28511,1,13,0,264,39
28509,0,19,0,0,0
28508,0,10,2,144,26
28504,6,18,3,213,29
28503,5,9,0,0,0
28498,4,20,2,75,13
28492,4,18,2,28,1
28491,4,16,0,250,33
28487,4,2,6,18,3
28472,2,20,10,390,64
28467,2,17,9,500,78
28458,6,16,1,54,9
28450,5,9,9,84,19
28449,5,6,3,28,5
28444,4,11,6,227,30
28443,4,6,0,145,17
28442,0,17,0,123,18
28441,0,12,0,43,9
28438,3,18,3,135,21
28423,4,7,11,107,17
28408,1,0,11,88,13
28407,0,19,0,113,18
28404,0,12,2,178,28
28391,6,14,0,34,5
28373,5,14,30,737,110
28363,2,12,10,430,68
28360,6,12,0,1382,217
28359,6,0,0,0,0
28358,6,0,0,145,23
28357,5,17,0,200,31
28356,5,8,0,35,6
28353,4,2,3,91,13
28352,4,2,1,434,73
28350,4,3,0,0,0
28349,3,19,0,46,7
28348,3,13,0,99,15
28346,0,20,0,75,10
28342,6,18,3,395,58
28333,5,14,7,905,161
28332,5,6,0,606,93
28330,4,15,0,197,30
28329,3,11,0,227,37
28328,3,10,0,166,25
28320,2,15,4,89,19
28294,1,20,8,21,5
28288,1,19,18,12,2
28274,1,15,16,433,61
28271,0,20,0,22,3
28270,0,2,0,0,0
28267,6,10,1,46,9
28264,6,5,2,199,29
28260,4,7,4,24,5
28257,2,21,5,31,4
28256,2,20,0,589,87
28255,2,16,0,52,9
28254,2,16,1,181,27
28253,2,15,0,20,5
28248,1,20,2,274,43
28243,1,2,1,1042,165
28235,0,20,8,237,34
28234,0,19,0,90,16
28219,6,15,13,965,159
28218,6,12,0,90,12
28213,6,4,0,26,5
28212,6,2,3,76,11
28210,4,17,1,91,15
28207,3,19,1,213,30
28204,3,15,5,2159,322
28200,1,19,0,29,5
28193,0,11,10,20,5
28191,6,22,2,42,8
28190,6,21,0,26,5
28189,6,16,0,292,42
28188,5,10,0,23,5
28185,3,14,0,25,4
28184,3,0,1,19,5
28181,2,18,1,28,6
28179,2,18,3,385,63
28178,2,16,0,75,11
28175,2,15,0,257,38
28174,2,13,0,219,39
28172,2,3,2,149,27
28171,1,19,1,41,7
28169,0,19,0,23,5
28164,5,15,0,23,4
28150,4,8,14,12,2
28145,4,0,1,26,5
28136,3,18,11,31,5
28132,3,12,5,239,39
28131,2,19,0,23,5
28124,1,16,3,1244,185
28116,0,0,0,28,6
28115,0,0,5,19,5
28113,6,16,2,20,3
28111,6,16,3,160,24
28109,6,9,0,53,9
28104,4,19,0,23,5
28096,2,19,6,217,36
28095,2,19,2,35,7
28094,2,18,3,102,16
28093,2,16,0,556,90
28092,2,16,0,58,10
28091,0,0,0,28,6
28090,6,4,0,21,4
28083,5,19,6,29,5
28082,5,18,0,81,12
28076,3,16,4,78,12
28073,2,11,0,26,5
28072,2,7,0,149,25
28064,6,14,7,117,20
28063,6,12,0,285,43
28052,5,2,10,87,15
28051,4,1,0,28,6
28049,3,13,0,0,0
28024,2,19,0,304,47
28018,2,19,28,97,16
27993,0,19,24,56,10
27992,0,19,2,172,23
27987,6,8,4,6,1
27986,6,4,0,22,4
27984,5,18,0,14,2
27983,5,10,0,147,26
27981,4,19,0,37,6
27980,4,17,2,735,107
27977,2,10,0,85,13
27973,1,19,3,77,12
27972,1,18,0,61,14
27967,1,13,3,99,19
27964,1,8,5,105,20
27963,0,8,0,0,0
27960,6,13,0,209,29
27949,5,21,11,192,32
27947,5,12,2,101,20
27942,0,1,0,65,9
27941,0,1,0,96,14
27939,5,21,2,133,22
27937,5,5,0,182,28
27931,1,2,0,26,5
27930,1,2,4,10,3
27924,0,13,5,90,16
27923,5,15,0,23,5
27919,3,20,3,26,5
27914,6,21,2,0,0
27912,6,14,0,23,5
27911,6,14,2,83,15
27909,3,10,2,10,3
27908,3,7,0,31,5
27907,2,21,0,162,30
27906,2,21,0,26,5
27905,2,14,0,84,16
27904,1,13,0,0,0
27903,1,8,0,69,9
27901,0,0,0,20,5
27900,0,0,1,34,7
27899,6,21,0,15,2
27896,6,11,0,78,15
27893,4,20,0,25,4
27876,3,22,20,147,24
27874,3,5,0,35,7
27872,3,2,2,35,8
27869,1,2,0,19,5
27868,0,18,0,28,6
27867,6,19,0,273,42
27866,6,11,0,87,15
27863,5,12,1,66,10
27861,5,10,0,88,11
27855,4,11,3,15,4
27850,4,2,4,124,21
27839,3,21,6,194,35
27829,3,13,17,124,26
27825,6,16,0,88,14
27823,6,14,4,19,5
27822,5,17,0,35,5
27821,5,13,0,22,4
27820,5,13,0,80,15
27819,1,2,0,236,33
27811,6,20,1,33,7
27810,6,20,3,25,6
27809,6,14,3,50,8
27808,6,9,0,82,15
27807,5,11,0,58,8
27804,5,8,0,22,3
27803,4,15,1,0,0
27801,2,8,1,62,12
27799,2,8,1,20,3
27793,6,16,3,59,8
27790,6,12,3,190,29
27787,5,17,3,36,5
27783,4,13,0,199,29
27778,3,15,3,77,13
27776,3,14,5,694,111
27773,1,20,1,1412,204
27772,0,15,0,19,4
27767,6,16,1,2,1
27764,6,13,4,548,78
27761,5,14,1,771,119
27759,4,16,2,158,24
27758,2,16,0,25,5
27755,2,13,2,24,6
27754,1,13,0,30,5
27753,6,17,0,0,0
27750,6,12,1,251,35
27748,6,10,2,3132,451
27745,5,12,1,134,22
27744,3,2,0,215,38
27743,2,14,0,2890,452
27742,2,10,0,145,24
27741,1,9,0,190,29
27740,3,15,0,98,18
27737,1,21,2,52,9
27735,1,11,1,186,29
27734,0,22,0,457,59
27731,0,10,2,1968,317
27729,0,5,0,69,11
27727,4,13,1,88,15
27726,4,11,0,249,35
27724,2,20,1,8,1
27721,2,9,2,142,24
27718,1,11,2,273,39
27717,1,10,0,121,19
27715,1,7,1,44,9
27712,4,15,0,653,97
27711,4,12,0,169,25
27706,4,9,3,23,4
27705,4,9,3,15,4
27701,3,12,3,52,8
27695,2,19,6,26,5
27693,2,11,0,20,4
27692,2,11,0,77,13
27665,0,14,24,72,12
27664,0,14,3,0,0
27663,6,22,0,24,4
27662,6,22,1,25,6
27661,6,12,0,75,13
27658,6,6,0,20,4
27644,5,0,0,38,8
27632,4,9,23,308,50
27627,4,0,4,360,57
27625,3,9,1,368,46
27624,1,20,0,337,53
27623,1,19,0,63,12
27622,1,9,1,224,35
27621,6,16,0,27,5
27619,6,15,1,162,28
27618,4,11,0,374,57
27617,4,10,0,0,0
27615,3,20,1,136,22
27612,3,11,2,76,14
27610,2,16,0,253,33
27607,1,14,0,24,6
27605,1,9,1,23,4
27603,1,6,0,153,22
27594,6,20,1,45,7
27591,6,15,1,18,3
27577,5,17,0,19,3
27573,5,15,6,15,3
27567,5,5,10,91,11
27560,4,21,14,518,79
27559,4,12,0,30,5
27557,4,10,0,142,19
27551,3,20,6,144,28
27549,2,18,1,205,31
27548,2,6,0,0,0
27541,0,7,1,24,4
27540,0,7,3,11,3
27539,0,1,0,35,6
27534,6,11,2,74,14
27533,5,13,0,19,3
27526,5,7,4,222,39
27523,4,9,0,1436,220
27501,3,1,24,172,32
27489,2,18,12,111,18
27484,2,12,4,34,6
27477,0,18,4,48,8
27469,0,11,8,704,107
27467,5,11,0,125,21
27461,0,1,5,21,4
27460,6,21,0,24,4
27459,6,20,0,64,10
27458,6,19,0,78,16
27456,6,15,0,0,0
27454,6,7,2,90,12
27453,4,16,0,20,4
27452,4,3,0,55,9
27450,3,23,0,142,27
27448,3,15,1,22,4
27444,3,10,0,76,14
27434,1,19,11,17,3
27429,0,2,0,0,0
27426,6,15,5,0,0
27419,3,19,6,209,39
27418,3,8,0,0,0
27417,3,3,0,87,15
27414,1,20,0,91,15
27408,1,15,6,0,0
27405,1,14,3,46,8
27404,1,3,0,0,0
27403,1,1,0,18,3
27402,6,23,0,30,5
27400,6,16,0,204,33
27399,6,14,1,70,12
27397,6,11,1,101,18
27395,3,21,1,0,0
27391,3,14,3,77,14
27385,6,18,0,20,4
27383,6,17,2,0,0
27380,6,15,1,28,1
27370,6,9,10,30,3
27368,5,3,0,392,64
27363,4,9,3,22,3
27362,3,19,0,33,1
27359,3,17,1,359,57
27358,3,16,0,74,13
27356,2,6,1,175,26
27354,0,12,1,347,56
27348,5,5,0,215,36
27343,4,16,8,46,6
27340,6,21,0,26,5
27334,6,17,7,34,7
27332,5,17,0,24,4
27331,4,23,0,1159,166
27329,4,13,2,156,29
27321,3,20,4,575,87
27319,3,19,1,26,3
27318,3,19,2,92,17
27314,2,20,0,59,13
27313,2,20,3,24,3
27309,1,15,2,152,27
27304,1,1,5,24,6
27300,6,11,4,1468,241
27298,5,23,2,157,28
27295,5,18,0,33,7
27293,5,14,3,51,8
27292,5,7,0,29,4
27291,5,5,0,19,4
27285,3,17,3,25,4
27284,3,10,0,0,0
27282,2,20,0,19,5
27280,2,14,0,15,2
27268,1,7,7,26,6
27265,1,1,0,33,5
27264,0,19,0,23,4
27258,6,20,3,19,4
27257,6,20,8,62,12
27256,6,20,0,0,0
27255,6,20,0,0,0
27254,6,19,0,13,2
27253,6,19,0,0,0
27252,6,19,0,28,1
27251,6,10,0,71,12
27247,5,8,1,80,13
27246,5,0,0,14,3
27241,4,13,5,207,43
27239,3,15,0,118,25
27226,2,20,6,516,91
27222,2,19,7,9,3
27208,2,8,11,173,22
27205,6,20,0,53,10
27199,4,19,9,34,7
27197,2,13,1,627,92
27190,4,10,5,0,0
27187,1,5,0,21,4
27177,0,11,10,52,8
27175,0,2,0,21,4
27169,6,20,6,7,1
27164,6,20,0,20,4
27163,6,20,1,21,4
27162,6,19,1,11,4
27161,6,19,1,29,5
27159,6,19,2,15,5
27158,6,14,0,335,47
27157,6,14,0,0,0
27149,3,8,4,274,38
27144,2,20,4,15,3
27142,2,14,0,138,25
27140,2,10,1,1269,208
27135,2,2,0,18,4
27119,1,19,13,275,49
27109,1,19,8,19,4
27096,1,18,5,456,70
27090,1,18,14,50,10
27081,1,6,9,63,7
27076,0,13,0,46,8
27068,6,21,8,138,21
27053,6,8,15,128,19
27043,4,18,2,52,9
27032,2,19,12,534,78
27031,2,14,0,0,0
27022,2,9,1,52,8
27017,1,21,8,89,17
27014,1,16,5,0,0
27010,0,19,3,160,26
27004,4,20,3,148,21
27001,4,19,3,164,35
27000,4,18,0,3,1
26999,4,18,0,19,4
26998,4,18,1,16,4
26996,4,17,1,20,3
26995,4,17,0,7,2
26994,4,17,0,28,1
26993,4,9,0,94,12
26992,3,19,0,76,7
26989,2,20,1,353,52
26977,0,10,10,669,104
26976,0,10,1,90,12
26971,6,18,1,149,30
26966,6,10,4,906,135
26955,5,16,10,521,81
26954,4,11,0,10,2
26953,2,18,0,0,0
26952,2,18,0,15,5
26951,2,17,0,18,4
26950,2,17,0,21,5
26936,6,2,0,0,0
26932,5,19,4,33,8
26931,5,19,0,18,4
26925,5,17,4,24,4
26924,5,17,0,24,4
26922,5,17,2,92,12
26920,5,16,6,51,8
26919,5,10,2,0,0
26915,4,20,2,67,13
26911,3,21,0,22,4
26908,3,15,0,23,3
26906,2,17,1,12,2
26901,1,14,7,268,41
26900,1,12,2,0,0
26890,6,15,8,87,12
26888,5,5,0,21,3
26886,2,19,0,72,9
26885,2,14,2,81,13
26880,5,20,0,40,6
26875,3,19,2,90,15
26874,1,10,0,129,19
26871,0,9,0,19,3
26867,6,12,0,9,1
26864,6,2,7,998,160
26862,4,13,0,21,4
26861,4,12,0,455,79
26858,1,19,0,10,1
26854,1,16,1,52,6
26853,0,19,0,367,53
26851,0,1,0,19,3
26850,4,14,0,40,7
26849,2,16,0,1089,170
26847,1,19,1,12,2
26842,4,12,5,0,0
26839,2,20,1,44,9
26838,2,20,1,120,21
26836,2,10,0,0,0
26830,5,21,4,40,5
26829,5,19,1,14,3
26828,5,18,0,0,0
26827,5,17,0,20,4
26826,5,17,0,22,4
26825,5,16,0,17,3
26824,5,14,0,496,80
26823,4,13,0,0,0
26813,2,13,8,40,6
26812,1,2,1,250,41
26801,6,18,6,58,10
26797,6,16,6,37,8
26796,6,16,0,23,4
26794,6,14,3,417,69
26792,6,14,1,49,4
26790,4,19,0,56,9
26782,3,9,3,117,23
26778,3,9,6,115,20
26777,3,1,0,64,11
26776,2,20,2,183,31
26774,2,18,0,37,2
26770,2,16,1,16,3
26767,2,8,0,33,5
26765,1,18,0,19,2
26756,1,13,12,89,13
26754,0,14,0,0,0
26751,6,9,0,11,2
26750,5,19,0,37,8
26749,5,18,0,24,4
26748,5,17,0,15,3
26747,5,17,0,21,4
26745,5,17,1,18,3
26741,5,16,4,18,4
26740,5,16,0,45,4
26739,5,14,0,3,1
26722,4,12,6,178,28
26719,4,2,3,631,94
26717,3,14,0,115,18
26716,3,4,1,25,3
26712,1,16,3,109,23
26710,1,15,1,80,17
26709,1,14,0,53,5
26705,0,17,2,1106,158
26685,4,20,1,175,34
26683,4,20,0,24,5
26680,4,19,11,55,8
26678,4,19,0,437,72
26672,4,19,10,68,7
26670,4,19,1,24,4
26667,4,18,2,22,4
26665,4,18,0,24,4
26664,4,18,0,20,4
26662,4,17,0,51,5
26658,4,17,5,37,2
26657,4,15,0,35,6
26656,4,9,0,442,73
26654,4,6,1,64,11
26653,4,4,0,13,2
26652,4,2,1,444,68
26651,3,15,0,0,0
26648,1,8,2,0,0
26643,6,15,0,29,4
26642,6,13,0,18,4
26641,6,12,1,44,7
26639,4,15,0,0,0
26638,1,11,0,118,21
26635,0,14,2,75,10
26634,5,14,0,30,6
26633,5,13,0,0,0
26630,2,7,0,104,14
26629,1,17,1,0,0
26625,4,17,2,0,0
26624,4,13,0,12,1
26622,3,18,2,177,33
26620,2,11,1,207,26
26617,6,15,0,0,0
26610,3,12,5,124,20
26608,1,9,1,0,0
26607,0,17,0,77,13
26604,4,10,0,1035,153
26597,3,10,8,425,62
26595,1,18,0,14,2
26589,0,17,0,595,118
26584,0,14,4,9,2
26577,6,17,7,12,1
26568,6,8,7,40,5
26565,5,16,1,0,0
26544,5,7,25,627,94
26537,2,17,5,0,0
26536,0,14,0,34,7
26532,6,18,3,0,0
26531,3,3,0,53,8
26530,1,18,0,15,3
26527,3,6,2,10,1
26526,2,14,0,349,58
26522,1,15,3,177,28
26520,0,15,1,115,18
26514,6,15,5,51,7
26513,6,13,0,127,21
26510,6,7,0,1309,205
26508,6,7,3,600,94
26507,5,21,0,385,48
26506,5,21,0,0,0
26505,2,13,0,18,2
26502,1,11,2,534,77
26500,0,19,1,37,7
26492,5,8,5,34,4
26486,0,20,4,524,93
26485,6,2,0,278,47
26484,5,18,1,15,3
26483,5,18,0,15,3
26481,5,17,1,0,0
26480,5,16,0,212,32
26479,5,16,1,286,48
26474,3,16,0,9,1
26473,2,6,0,62,9
26471,1,6,1,184,28
26469,1,4,1,188,32
26461,6,7,6,54,10
26459,5,18,2,31,6
26458,5,16,0,202,36
26456,5,8,1,21,3
26445,2,10,1,29,5
26440,2,8,10,347,56
26437,0,15,2,9,2
26434,6,20,0,51,7
26430,6,19,0,134,17
26429,6,19,6,125,19
26425,6,19,5,110,22
26423,6,17,1,22,3
26420,6,16,0,310,39
26417,6,16,4,3,1
26415,6,16,0,5,1
26413,6,15,0,300,50
26411,6,11,2,570,92
26410,6,6,0,87,14
26409,5,20,0,28,5
26408,5,13,0,153,30
26405,2,15,0,26,5
26403,2,15,1,32,6
26401,1,20,3,552,99
26400,6,13,0,152,32
26398,5,19,0,9,1
26397,5,19,0,0,0
26396,5,17,0,28,1
26394,5,12,1,967,118
26393,5,6,0,32,5
26391,4,2,2,29,4
26388,3,1,0,11,1
26384,5,17,2,474,80
26383,5,15,0,53,10
26382,5,13,0,19,4
26381,5,13,0,0,0
26380,5,13,0,157,27
26379,5,13,0,77,5
26378,5,12,0,24,3
26377,5,11,0,257,41
26376,5,10,0,91,14
26374,5,6,1,22,3
26372,4,5,1,300,45
26371,2,19,0,156,26
26370,2,13,0,0,0
26367,2,10,4,76,14
26366,1,15,0,0,0
26360,6,20,0,138,28
26359,6,12,0,22,5
26352,5,13,6,2484,381
26349,5,10,2,1677,260
26347,5,5,4,36,7
26346,4,21,2,94,15
26343,4,8,2,23,3
26342,4,5,0,0,0
26341,4,5,0,0,0
26339,2,16,1,6,1
26338,2,15,0,0,0
26337,2,14,0,157,10
26335,0,3,1,285,44
26334,6,15,0,0,0
26333,5,15,0,0,0
26332,5,11,0,22,4
26330,2,20,0,0,0
26328,1,19,0,24,5
26326,1,3,1,151,21
26325,0,15,0,38,8
26323,0,8,0,2,1
26321,6,16,1,40,6
26319,6,12,0,42,7
26318,6,11,0,323,45
26317,5,17,1,0,0
26313,3,20,1,41,7
26312,3,17,0,18,3
26311,0,17,0,102,15
26310,0,14,0,49,7
26309,5,13,0,26,5
26308,5,9,0,0,0
26307,3,8,0,0,0
26306,2,10,0,0,0
26305,0,21,0,267,49
26304,0,15,0,26,3
26303,0,14,0,0,0
26302,6,17,0,148,24
26301,4,15,0,0,0
26299,4,14,0,17,2
26298,4,14,1,0,0
26297,3,4,0,36,5
26294,1,22,2,252,39
26290,1,16,0,13,1
26287,1,15,6,28,4
26286,1,14,0,0,0
26285,1,6,0,215,38
26284,0,23,0,164,26
26283,0,8,0,92,13
26278,4,12,1,0,0
26277,4,12,0,0,0
26276,1,23,0,32,4
26271,1,19,2,136,22
26269,1,11,0,692,109
26268,1,9,1,33,6
26266,0,22,2,25,5
26265,0,21,0,45,8
26260,0,4,0,13,2
26259,0,4,2,32,5
26258,6,15,0,0,0
26257,5,17,0,0,0
26256,5,13,0,29,3
26253,4,6,7,0,0
26252,1,12,0,14,3
26251,0,15,0,42,5
26250,0,15,0,18,1
26244,0,9,3,0,0
26241,0,5,1,0,0
26240,6,14,1,4,1
26239,6,14,0,12,2
26237,5,14,0,72,11
26235,5,11,0,42,7
26232,5,3,2,880,143
26226,4,4,2,276,39
26220,3,16,8,896,156
26219,3,8,0,46,8
26218,3,1,0,493,84
26214,1,21,0,0,0
26213,1,15,0,0,0
26208,0,19,5,45,9
26206,6,16,0,140,24
26205,6,15,0,163,28
26204,6,15,0,161,27
26201,6,14,0,15,4
26200,6,14,0,45,8
26198,6,14,1,18,4
26194,6,12,2,388,49
26193,5,19,0,36,6
26192,5,13,0,19,3
26190,3,19,0,48,7
26188,3,16,1,0,0
26187,3,15,0,2,1
26181,2,22,1,283,51
26176,2,22,8,35,5
26173,2,21,0,20,5
26167,2,10,5,294,37
26163,6,10,0,146,25
26161,6,1,0,2,1
26160,5,19,4,0,0
26156,5,16,0,140,29
26149,5,14,4,18,4
26148,4,18,0,62,12
26147,3,20,0,71,8
26145,3,10,0,39,7
26144,2,21,0,30,4
26141,2,18,0,2,1
26139,2,16,1,75,11
26137,2,14,1,2,1
26135,2,14,6,196,32
26134,2,13,0,339,43
26133,1,18,0,0,0
26132,6,13,0,0,0
26124,5,19,4,34,6
26123,5,19,1,34,6
26122,5,16,0,85,17
26121,5,16,0,18,4
26119,5,15,0,95,13
26118,5,11,0,91,18
26117,5,2,0,0,0
26116,4,22,0,46,6
26108,2,0,2,78,14
26102,1,18,6,62,8
26098,1,10,0,25,6
26093,5,16,2,3,1
26091,5,16,0,19,6
26089,5,12,2,171,27
26086,4,15,1,0,0
26085,4,15,2,0,0
26079,3,4,4,38,5
26078,2,19,0,21,6
26073,2,17,4,18,4
26072,2,15,0,0,0
26070,1,14,1,132,26
26067,6,8,0,294,48
26066,5,18,0,0,0
26065,2,21,0,35,4
26051,2,3,14,303,50
26050,2,3,0,73,12
26048,0,22,2,144,18
26046,6,17,0,0,0
26044,6,15,0,23,4
26043,6,11,1,178,29
26042,6,10,0,36,6
26040,3,13,0,221,42
26039,3,4,0,15,2
26031,2,16,5,0,0
26030,2,16,0,20,3
26029,2,6,1,102,19
26027,1,18,1,184,31
26023,5,17,0,3,1
26022,5,16,0,82,12
26019,5,14,1,47,9
26012,4,20,10,132,25
26011,4,19,0,25,5
26010,3,19,0,176,26
26009,3,7,0,0,0
26006,2,19,1,37,7
26005,2,16,0,74,15
26000,6,11,2,236,44
25999,5,19,1,0,0
25998,5,15,0,43,6
25996,5,14,1,34,6
25993,5,14,1,12,3
25992,5,13,1,34,6
25991,5,13,0,45,8
25988,3,14,0,628,93
25983,3,3,5,483,81
25976,1,21,2,36,5
25975,1,21,0,125,20
25971,1,20,5,4,1
25961,1,11,0,16,4
25960,1,11,2,20,4
25956,1,4,7,238,37
25953,6,1,2,14050,2309
25951,6,1,0,34,8
25948,5,1,0,3,1
25946,4,19,0,0,0
25945,4,19,3,0,0
25944,4,18,0,20,4
25943,4,18,0,44,9
25942,4,13,0,30,7
25939,3,22,1,75,13
25938,2,16,0,141,23
25937,1,19,0,77,12
25933,4,22,3,550,100
25926,3,14,0,84,16
25925,3,14,5,45,7
25924,3,14,0,0,0
25923,3,14,0,0,0
25921,3,14,1,0,0
25920,3,14,0,0,0
25919,3,13,0,0,0
25918,2,18,0,16,3
25914,6,16,3,35,6
25911,6,10,2,36,7
25910,4,15,0,48,7
25908,4,3,0,91,13
25903,3,16,3,3,1
25900,3,5,2,0,0
25897,2,18,0,4,1
25892,2,16,0,0,0
25891,2,15,4,29,7
25885,1,22,5,0,0
25884,1,22,1,17,4
25883,1,22,0,66,14
25867,1,15,10,0,0
25864,1,13,3,706,100
25854,5,20,8,124,28
25850,5,17,0,106,23
25849,5,12,0,2,1
25847,4,14,0,3,1
25838,2,19,0,291,48
25826,2,1,11,0,0
25822,1,13,4,792,142
25778,6,18,31,8,1
25775,6,16,2,0,0
25768,6,10,5,73,10
25765,5,16,3,23,5
25762,5,1,1,0,0
25757,4,6,5,5,1
25755,3,9,1,18,4
25752,3,5,1,16,2
25747,3,0,6,112,23
25744,2,19,1,0,0
25737,2,19,1,14,3
25713,1,14,18,252,40
25712,1,13,0,382,56
25705,1,13,6,191,32
25701,1,6,1,0,0
25685,5,19,14,108,20
25683,5,16,0,332,49
25682,5,16,0,6,1
25681,5,16,0,112,19
25680,5,14,0,18,4
25679,5,12,0,18,4
25677,4,14,0,193,33
25673,3,5,2,0,0
25669,2,1,1,35,6
25665,5,19,1,24,4
25663,4,20,0,56,9
25654,0,11,0,0,0
25653,6,6,0,1067,164
25648,5,18,2,114,23
25645,5,18,2,0,0
25643,5,17,0,88,17
25641,5,17,2,40,7
25638,4,23,1,33,5
25633,4,17,7,57,9
25621,4,4,8,27,4
25611,3,19,6,97,16
25609,3,18,8,714,107
25608,3,18,0,35,5
25592,3,17,0,164,27
25586,3,17,21,92,13
25564,3,10,22,42,5
25560,3,4,0,0,0
25555,2,18,2,2,1
25542,2,10,7,75,11
25532,2,6,5,891,125
25529,2,6,12,26,3
25516,1,22,0,74,12
25508,1,21,13,40,8
25506,1,21,3,113,17
25501,1,21,11,33,6
25468,1,19,26,56,10
25459,1,19,12,0,0
25445,1,16,2,1117,166
25443,1,15,3,2093,320
25438,1,13,0,14,3
25428,1,9,15,139,28
25411,0,18,12,140,22
25410,0,17,0,17,2
25408,0,15,2,17,4
25406,0,12,0,326,46
25403,0,12,0,202,21
25402,0,12,8,21,2
25401,0,11,0,77,14
25400,5,19,0,0,0
25399,5,11,0,2,1
25398,5,8,0,535,90
25397,4,13,0,18,3
25396,4,5,0,0,0
25395,3,20,0,32,3
25388,3,9,0,1,1
25379,3,5,6,124,13
25374,2,21,2,0,0
25366,2,20,12,146,32
25364,2,20,3,46,9
25361,2,20,0,14,2
25359,2,20,2,26,5
25355,2,19,3,76,11
25354,2,19,0,119,20
25350,2,19,0,24,4
25348,2,19,2,26,7
25346,2,19,1,70,13
25345,2,19,0,31,6
25344,2,19,0,0,0
25343,2,19,0,12,3
25342,2,19,0,0,0
25340,2,19,1,0,0
25339,2,18,1,280,35
25334,2,12,0,231,27
25330,2,7,6,36,6
25324,1,17,0,614,89
25323,1,17,2,1447,220
25319,1,12,2,39,8
25317,1,8,1,82,10
25316,1,8,2,357,52
25285,0,19,31,511,85
25282,0,11,0,423,60
25280,0,9,1,47,10
25278,6,21,0,0,0
25276,6,20,1,284,46
25274,5,20,1,737,104
25272,5,1,1,544,89
25271,4,20,0,54,6
25267,3,9,1,310,44
25257,2,14,1,9,2
25251,2,12,4,92,13
25249,2,11,1,84,12
25240,2,7,4,996,134
25228,1,22,4,71,10
25217,1,21,6,132,25
25205,1,21,5,38,5
25202,1,21,9,2099,369
25178,1,20,34,72,11
25161,1,19,18,20,3
25150,1,18,13,0,0
25142,1,18,7,20,4
25135,1,17,1,15,3
25127,1,17,13,365,44
25123,1,7,0,6861,1161
25122,0,19,0,317,52
25119,0,19,3,93,15
25112,4,19,3,111,20
25110,4,18,0,91,18
25107,4,16,0,0,0
25101,2,17,2,0,0
25089,1,20,9,72,12
25082,1,19,1,12,4
25078,1,18,0,58,2
25068,1,16,3,15,2
25067,1,16,0,29,5
25053,1,9,19,136,20
25046,0,10,2,127,19
25044,0,10,5,95,13
25040,6,20,0,19,5
25039,6,19,0,516,79
25038,6,19,0,414,58
25037,6,8,0,172,24
25034,4,18,0,0,0
25030,3,19,3,56,9
25029,3,8,0,88,11
25020,2,17,0,1731,277
25013,2,17,14,29,6
25011,2,17,1,51,9
25010,2,17,0,94,16
25009,2,17,1,932,144
25008,2,16,0,476,63
25007,2,16,0,28,1
25005,2,12,0,2,1
25004,2,12,0,0,0
25002,1,18,0,830,112
25001,1,16,0,228,33
25000,1,15,0,1219,186
24999,1,14,0,1362,209
24998,0,7,0,503,71
24994,5,22,0,57,8
24993,5,21,0,87,18
24990,5,20,3,87,18
24988,5,19,1,16,4
24985,5,19,2,70,13
24984,5,18,0,0,0
24982,5,8,0,260,40
24981,4,20,0,377,46
24979,4,7,0,1415,246
24978,4,6,0,133,19
24977,3,21,0,0,0
24975,3,6,0,737,122
24968,2,21,1,8,4
24963,2,20,5,3,1
24958,2,20,4,118,14
24955,2,20,3,0,0
24953,2,19,0,982,155
24952,2,19,0,9,1
24950,2,19,2,99,17
24948,2,18,1,452,61
24947,2,18,1,28,1
24944,2,17,0,39,6
24934,2,9,10,26,4
24933,2,3,0,45,7
24929,1,17,1,2,1
24928,1,13,0,1264,190
24918,0,12,0,516,65
24917,0,10,7,0,0
24916,0,7,2,117,17
24914,0,6,1,40,8
24912,0,5,0,2165,328
24911,0,4,0,44,6
24903,5,20,0,35,5
24901,5,18,1,62,11
24900,5,18,0,321,45
24896,5,10,1,112,15
24886,4,19,4,84,12
24885,4,19,8,0,0
24882,2,22,0,0,0
24873,1,22,8,35,7
24865,1,19,7,24,5
24859,1,18,0,25,5
24855,1,17,5,0,0
24850,0,19,2,46,8
24848,0,7,0,0,0
24846,6,5,0,169,25
24843,4,19,2,171,26
24836,2,12,0,90,15
24815,1,19,12,0,0
24806,1,15,1,34,5
24797,1,8,0,0,0
24794,1,2,13,340,51
24793,5,16,0,0,0
24783,4,17,12,0,0
24782,3,6,0,70,11
24780,2,5,1,38,5
24779,0,16,0,0,0
24762,5,15,9,76,13
24757,5,14,11,0,0
24754,4,5,0,0,0
24753,4,4,0,114,17
24748,2,3,0,541,87
24747,1,19,0,29,6
24745,0,19,2,0,0
24738,6,7,7,183,30
24732,5,18,0,65,10
24729,5,16,6,67,11
24728,5,14,0,285,45
24714,3,0,1,463,105
24705,2,16,9,193,22
24704,2,16,4,106,15
24703,2,16,6,32,4
24701,6,17,1,57,10
24697,2,13,0,0,0
24696,2,6,0,1583,246
24695,5,17,0,14,2
24690,3,17,0,42,9
24686,2,12,3,0,0
24685,2,12,2,11,1
24684,2,9,0,49,8
24665,3,17,7,124,11
24657,3,3,9,202,29
24655,2,4,0,57,11
24651,1,5,2,31,5
24641,0,5,14,209,60
24640,0,3,0,44,7
24638,6,21,1,133,20
24632,6,19,5,19,2
24628,6,18,4,0,0
24623,6,15,5,72,15
24621,6,3,0,0,0
24612,4,4,5,0,0
24600,3,13,14,54,9
24587,3,6,2,536,71
24586,3,3,3,988,160
24584,3,3,8,0,0
24581,2,18,1,153,23
24578,1,16,0,31,4
24576,4,18,0,1390,208
24575,4,18,1,43,7
24574,4,17,0,22,4
24564,4,9,1,17,3
24562,1,14,0,17,4
24557,0,17,0,0,0
24534,6,18,0,339,54
24532,6,18,5,237,39
24531,6,18,1,136,25
24528,6,18,49,39,7
24526,6,15,0,1253,194
24523,6,15,0,26,5
24522,6,15,3,172,29
24519,6,10,0,373,49
24516,3,15,0,215,38
24515,3,15,1,504,84
24505,3,4,2,0,0
24494,2,15,15,3,1
24492,2,14,2,28,3
24489,1,4,0,11,2
24486,0,19,1,2,1
24482,0,13,0,1471,210
24480,0,13,3,249,42
24479,0,13,3,0,0
24452,5,22,23,34,5
24444,4,18,2,21,4
24442,4,13,1,25,4
24435,3,20,0,15,2
24434,3,20,0,14,2
24420,3,19,21,41,7
24404,3,13,13,396,51
24395,0,8,4,0,0
24391,5,15,4,372,44
24390,4,21,0,292,41
24389,4,13,0,0,0
24386,1,21,1,317,55
24385,5,20,0,314,49
24384,5,19,0,388,53
24381,5,4,0,344,53
24372,0,7,7,102,14
24371,0,7,0,19,4
24370,6,18,1,454,78
24369,6,18,2,119,27
24368,5,7,0,55,8
24367,4,7,0,13,2
24366,3,19,0,0,0
24357,2,19,3,440,74
24356,2,18,2,31,6
24342,0,6,1,157,28
24328,5,22,23,16,3
24326,5,20,1,0,0
24325,5,9,0,17,2
24324,3,10,0,0,0
24322,2,23,0,100,15
24319,0,9,0,0,0
24317,6,9,2,348,46
24315,3,5,0,0,0
24310,0,10,0,18,4
24307,6,17,5,498,83
24306,6,17,0,101,22
24305,6,17,0,63,11
24304,6,16,2,67,13
24301,6,10,2,17,3
24300,5,6,0,0,0
24298,4,8,1,0,0
24294,2,19,2,126,25
24281,5,18,7,171,33
24278,5,17,2,105,20
24277,5,11,0,134,22
24275,5,6,0,85,5
24270,4,16,7,28,5
24262,2,16,2,43,5
24260,0,22,0,90,11
24239,5,19,0,11,2
24238,5,19,16,0,0
24219,5,14,0,0,0
24208,5,6,15,43,7
24204,3,7,2,67,10
24203,3,4,0,0,0
24200,1,3,3,139,17
24198,0,6,0,0,0
24197,5,20,0,67,13
24196,5,13,0,275,43
24195,5,13,0,29,4
24193,2,7,0,0,0
24190,1,7,3,279,53
24182,6,16,5,17,3
24181,6,13,0,91,14
24180,6,8,1,54,10
24176,5,16,3,0,0
24175,5,16,1,601,86
24173,4,23,1,0,0
24168,3,10,1,0,0
24167,3,6,0,40,5
24164,1,7,1,0,0
24162,6,14,1,35,5
24161,5,16,0,49,8
24160,5,10,0,52,9
24156,2,12,1,0,0
24155,1,18,3,0,0
24147,6,13,0,0,0
24146,6,13,2,0,0
24138,4,16,3,0,0
24130,3,11,6,43,6
24127,2,15,4,14,2
24124,1,9,3,16,2
24123,0,17,0,50,10
24120,6,17,3,2,1
24118,4,18,0,0,0
24117,3,16,0,225,32
24115,3,10,0,123,20
24102,6,13,12,150,19
24101,5,16,0,0,0
24100,5,11,0,51,7
24099,5,1,0,118,18
24097,2,0,1,19,4
24095,1,7,0,83,12
24092,6,18,3,1484,278
24091,6,11,0,26,4
24090,5,9,0,32,5
24089,2,13,0,0,0
24080,0,7,1,33,5
24078,0,7,6,17,3
24073,6,6,1,0,0
24071,5,23,4,23,4
24068,5,10,2,344,50
24064,4,9,1,0,0
24062,3,4,0,0,0
24061,2,23,6,17,1
24039,0,8,6,781,118
24037,3,14,1,0,0
24036,2,5,0,29,6
24035,6,12,0,21,4
24034,6,11,0,26,4
24027,5,15,2,19,4
24026,5,10,0,16,3
24015,4,21,9,105,16
24001,2,19,12,52,9
24000,2,19,0,0,0
23989,6,20,8,50,6
23978,6,16,11,127,18
23975,6,7,2,0,0
23973,5,17,1,289,42
23966,5,14,4,345,51
23950,4,15,14,214,28
23947,3,19,1,187,35
23944,3,8,2,3,1
23936,2,10,1,590,94
23925,1,22,9,23,5
23883,1,10,1,26,4
23882,1,9,20,83,16
23875,0,12,5,110,15
23869,6,14,5,39,7
23866,6,11,0,221,33
23864,6,8,1,83,12
23863,5,22,3,26,3
23862,5,8,0,78,14
23861,5,2,0,144,18
23858,3,19,0,38,5
23857,3,18,0,1151,167
23856,3,18,0,0,0
23855,3,0,0,0,0
23851,2,17,1,0,0
23845,2,2,2,145,23
23844,1,17,0,492,71
23843,1,17,0,291,17
23838,0,15,0,19,2
23814,6,19,9,47,6
23805,6,17,27,27,5
23804,6,14,0,0,0
23803,6,11,1,64,11
23798,4,7,0,30,5
23793,3,14,3,0,0
23788,2,21,5,0,0
23785,2,20,2,35,5
23766,0,18,16,24,3
23765,0,17,0,116,18
23764,0,17,1,1091,157
23762,6,14,0,45,7
23761,6,11,0,43,6
23758,5,20,2,40,7
23744,4,15,6,773,112
23736,4,11,15,61,10
23727,2,11,7,86,13
23725,2,0,0,0,0
23724,0,15,0,346,52
23723,5,8,0,382,63
23719,3,3,2,0,0
23707,2,13,12,14,2
23706,1,19,0,0,0
23704,0,17,0,0,0
23703,0,3,0,343,54
23702,6,23,0,49,9
23699,6,19,1,25,4
23678,5,15,19,26,5
23677,5,12,0,0,0
23652,3,19,20,101,15
23651,3,11,0,71,12
23647,3,0,2,50,8
23571,1,19,29,74,18
23553,1,19,26,42,8
23552,1,19,16,31,4
23523,1,13,24,38,7
23520,0,18,0,0,0
23503,0,11,17,1247,201
23497,6,21,8,403,59
23495,5,16,1,28,5
23494,5,1,0,0,0
23491,3,0,3,0,0
23490,2,14,0,45,6
23489,1,20,0,0,0
23488,0,15,0,31,4
23487,0,3,0,131,21
23486,0,2,0,91,15
23484,6,17,1,45,7
23478,5,6,2,122,17
23470,2,22,0,31,7
23469,2,22,4,38,6
23464,2,14,0,184,34
23463,2,14,3,424,58
23461,2,14,5,344,42
23453,0,12,5,50,8
23448,6,13,1,17,3
23447,6,10,2,119,18
23441,5,19,1,29,6
23436,5,18,0,75,13
23433,5,18,8,403,72
23431,5,15,1,12,2
23429,5,7,0,2808,415
23428,4,21,0,0,0
23427,4,13,0,22,3
23426,4,12,0,0,0
23422,2,22,1,60,12
23421,2,21,0,52,9
23418,2,16,3,0,0
23417,2,14,0,609,88
23410,4,22,0,0,0
23409,4,20,0,88,15
23406,2,13,0,0,0
23403,6,15,0,45,10
23402,6,15,1,248,42
23401,6,5,0,124,21
23396,5,12,3,202,21
23390,3,16,0,25,5
23389,3,16,2,18,3
23382,3,15,6,557,74
23366,3,4,13,103,12
23339,2,15,16,17,3
23328,1,17,2,2,1
23327,0,21,2,0,0
23325,6,4,1,35,6
23324,5,22,0,0,0
23320,2,21,0,0,0
23314,2,14,4,222,26
23289,6,18,18,26,4
23287,6,18,4,35,6
23281,6,17,6,0,0
23272,6,6,7,354,53
23261,5,8,16,1964,295
23260,4,3,0,66,9
23259,3,16,0,181,29
23248,2,4,6,38,6
23247,2,4,0,36,6
23232,1,20,17,61,13
23213,1,16,10,153,23
23212,1,16,6,0,0
23200,5,21,5,24,4
23197,5,8,3,46,7
23196,4,23,0,43,7
23192,3,12,1,0,0
23183,1,13,10,1148,173
23181,3,18,1,118,17
23171,6,19,7,119,24
23170,6,18,0,32,7
23168,6,17,1,648,93
23167,6,17,0,29,6
23166,6,17,0,0,0
23163,5,11,0,0,0
23160,5,8,0,39,5
23156,5,0,0,27,5
23148,4,5,0,13,2
23145,4,0,10,331,58
23125,3,17,3,15,3
23120,3,17,16,80,14
23113,3,17,8,58,12
23108,3,16,4,277,40
23106,3,14,0,160,27
23095,3,12,2,11,2
23090,3,9,9,114,22
23029,2,21,59,72,12
22942,2,14,75,0,0
22939,2,14,10,60,11
22937,2,13,1,37,9
22932,2,12,7,60,7
22931,6,11,0,34,4
22928,5,22,2,27,4
22924,5,17,3,24,4
22922,4,21,0,385,67
22920,4,15,1,324,50
22914,1,22,0,0,0
22911,1,21,5,31,7
22900,1,19,10,90,18
22898,1,18,0,8,1
22893,1,13,0,56,10
22888,1,12,8,73,13
22886,0,21,0,9,1
22883,6,22,0,30,4
22879,6,4,0,0,0
22876,5,21,6,74,10
22870,5,17,5,11,2
22869,5,13,0,13,2
22868,5,13,0,16,2
22866,5,9,0,0,0
22863,4,6,2,0,0
22862,3,18,0,67,13
22860,3,10,2,23,4
22859,3,10,0,2,1
22857,2,8,0,30,5
22856,2,8,0,0,0
22855,2,8,0,0,0
22847,1,23,2,232,39
22838,1,21,0,42,6
22837,1,21,13,21,3
22827,1,20,9,16,3
22826,1,19,0,9,1
22825,1,18,0,0,0
22821,1,15,3,15,2
22820,1,15,0,0,0
22817,0,8,1,0,0
22816,0,1,1,181,30
22815,6,19,1,150,24
22814,6,18,0,0,0
22813,6,18,0,33,7
22792,4,21,20,1352,187
22790,3,15,1,97,13
22787,2,15,1,59,8
22775,2,7,9,891,127
22763,1,20,1,0,0
22761,1,20,11,68,13
22749,1,19,0,98,17
22746,1,18,1,7,2
22742,1,17,1,346,45
22739,1,17,1,0,0
22736,1,12,0,56,8
22730,0,18,5,34,6
22725,0,17,1,23,4
22713,0,13,0,0,0
22712,0,13,9,49,7
22711,0,10,2,79,12
22707,5,19,0,26,4
22690,5,19,5,46,6
22689,5,18,12,52,10
22688,5,17,0,24,4
22687,5,17,0,16,3
22686,5,14,0,44,6
22682,5,4,1,35,5
22671,4,17,11,86,16
22667,3,0,3,24,4
22663,2,19,0,87,14
22660,2,18,4,47,7
22657,2,18,2,77,12
22654,2,13,2,391,48
22653,2,0,0,34,6
22652,1,23,0,0,0
22651,1,12,0,27,5
22650,0,4,0,33,5
22648,6,19,0,32,5
22647,6,19,0,14,4
22646,6,18,0,0,0
22645,6,17,0,12,3
22644,6,14,0,62,5
22643,3,9,0,0,0
22642,3,0,0,18,3
22641,2,19,0,21,3
22636,1,21,0,188,32
22622,1,19,8,19,4
22619,1,19,4,36,5
22618,1,19,0,118,16
22594,1,17,7,24,3
22591,0,20,1,273,43
22587,0,17,4,192,28
22585,0,15,1,55,11
22583,0,12,0,0,0
22582,0,8,0,28,5
22580,0,5,0,29,5
22579,6,19,0,72,11
22573,4,19,3,29,6
22571,4,19,1,49,6
22570,4,18,0,27,5
22569,4,14,0,50,4
22566,4,5,3,112,19
22565,3,14,0,0,0
22563,3,5,0,216,31
22557,1,21,3,36,8
22527,1,18,4,0,0
22521,1,17,16,69,12
22520,1,5,0,1165,141
22518,6,19,0,133,20
22514,5,11,3,137,17
22513,5,11,1,291,49
22509,4,8,1,2,1
22508,3,7,0,0,0
22498,2,17,6,105,20
22482,2,12,12,91,14
22481,2,9,0,0,0
22475,1,11,1,46,9
22473,0,14,0,17,3
22468,6,17,5,22,5
22467,4,11,0,47,8
22456,1,8,5,711,110
22455,0,18,0,208,34
22454,6,12,0,80,14
22450,4,0,0,100,18
22444,2,8,2,0,0
22440,0,19,2,293,41
22426,2,16,0,20,5
22416,2,5,3,79,15
22414,2,5,9,100,12
22413,2,5,1,67,10
22412,2,5,1,0,0
22392,6,15,16,52,10
22388,6,10,1,0,0
22387,3,17,1,117,14
22386,3,17,0,101,16
22380,2,6,1,70,13
22376,1,8,0,68,10
22374,0,23,0,74,13
22373,0,22,1,0,0
22372,0,14,0,0,0
22371,0,13,0,26,4
22358,5,22,0,17,4
22357,5,22,13,144,22
22356,5,22,1,58,8
22353,5,1,0,30,6
22351,1,19,1,3,1
22347,5,18,1,1478,213
22344,2,7,0,30,5
22343,1,4,0,384,57
22342,0,6,0,63,9
22337,6,7,1,0,0
22331,2,23,4,2,1
22330,2,18,0,0,0
22326,1,5,1,56,7
22318,6,10,2,255,31
22317,6,9,0,869,123
22315,6,9,3,40,6
22304,5,18,7,31,6
22301,5,17,2,8,1
22300,5,17,0,135,20
22299,5,9,0,195,36
22295,3,17,2,57,11
22294,3,16,0,161,27
22291,2,20,0,34,6
22283,6,16,0,29,5
22281,6,12,0,34,6
22279,6,11,0,148,23
22273,4,8,0,30,6
22268,1,20,2,15,2
22264,0,18,2,0,0
22262,0,12,1,34,6
22261,6,18,0,106,17
22249,5,20,4,81,14
22244,5,19,1,28,7
22243,5,19,2,914,128
22241,5,19,2,212,31
22240,5,18,0,26,6
22236,5,18,3,36,6
22232,5,18,3,36,6
22225,5,16,7,12,1
22223,5,16,0,204,32
22222,5,11,0,629,81
22218,5,10,2,439,85
22211,4,18,0,12,2
22208,4,17,1,47,7
22207,4,17,3,0,0
22205,4,8,0,31,5
22199,2,18,1,8,1
22198,2,9,0,56,10
22194,1,18,3,754,135
22184,0,8,6,161,25
22182,0,6,1,111,18
22156,6,16,9,45,8
22151,6,15,62,38,7
22150,6,15,0,120,16
22148,6,15,1,49,10
22147,6,13,0,24,4
22145,5,21,0,38,8
22144,5,21,0,25,5
22143,5,21,0,27,6
22142,5,4,0,32,6
22139,3,17,1,22,8
22136,2,18,2,86,14
22133,2,17,2,17,4
22131,2,17,2,27,5
22127,2,17,3,128,25
22126,2,17,0,69,10
22125,2,17,0,60,9
22124,2,16,0,357,45
22123,2,3,0,95,17
22122,1,18,0,998,146
22121,0,9,0,34,6
22119,5,18,0,36,9
22118,5,18,0,15,3
22117,5,17,0,42,4
22116,5,17,0,149,21
22115,5,17,0,101,17
22114,5,17,0,51,10
22111,5,16,2,22,5
22110,5,16,1,67,8
22109,5,7,0,19,4
22108,4,21,0,41,8
22107,4,15,0,15,4
22106,2,16,0,97,17
22105,2,11,0,128,26
22104,1,13,0,34,6
22103,1,9,0,42,8
22102,1,8,1,41,8
22101,1,3,0,77,15
22100,0,16,0,15,3
22098,0,8,0,30,6
22095,0,4,2,18,3
22092,6,16,0,112,14
22090,6,6,0,32,5
22062,5,18,11,10,2
22059,5,18,12,11,1
22054,5,18,4,66,12
22050,5,17,1,36,4
22040,5,17,14,0,0
22034,5,17,0,76,12
22027,5,16,6,46,9
22025,5,16,3,11,2
22023,5,16,1,13,3
22022,5,16,2,22,4
22021,5,16,0,20,4
22019,5,16,2,373,49
22017,5,15,1,346,52
22016,5,15,1,14,3
22003,4,17,10,143,28
22002,4,7,0,30,5
22001,3,16,1,29,7
22000,3,14,0,0,0
21999,2,5,0,30,5
21986,6,3,10,35,4
21983,4,13,1,2,1
21982,4,11,3,0,0
21976,3,17,0,33,6
21974,3,16,3,14,2
21973,3,16,1,317,46
21972,3,16,1,60,9
21968,3,15,1,415,62
21964,3,15,0,11,3
21961,3,15,5,14,3
21960,3,15,0,25,4
21959,2,19,0,15,4
21957,2,11,0,31,5
21954,1,20,1,32,6
21948,0,16,4,15,2
21944,0,4,2,0,0
21939,6,18,5,13,3
21938,6,16,0,29,7
21937,6,8,0,2,1
21926,4,18,1,7,1
21924,4,8,0,31,5
21915,3,5,9,15,2
21914,2,8,0,34,6
21912,0,19,0,23,4
21909,0,13,0,30,5
21907,0,4,2,0,0
21904,6,13,0,122,20
21901,6,12,3,22,4
21899,6,8,0,32,6
21896,6,4,1,133,22
21886,5,16,9,26,4
21879,5,8,8,26,6
21878,4,7,0,28,5
21877,3,18,0,21,4
21874,2,11,0,11,2
21873,2,8,0,28,5
21871,1,16,1,41,8
21870,0,22,0,9,2
21866,6,19,3,29,6
21865,6,19,0,38,7
21862,5,10,0,323,53
21861,5,9,0,11,2
21859,5,5,0,34,8
21858,4,9,0,30,5
21857,4,7,0,27,6
21856,4,4,0,142,26
21851,3,2,0,84,14
21850,3,2,4,63,10
21844,0,18,3,0,0
21843,0,15,0,0,0
21839,6,19,1,3,1
21835,6,9,0,299,45
21833,6,8,5,310,54
21827,5,16,3,24,4
21825,4,8,2,53,10
21824,4,8,0,28,5
21818,3,13,3,27,5
21816,3,3,0,107,21
21815,2,19,0,35,8
21808,0,7,1,30,5
21803,6,12,1,32,6
21800,6,7,1,130,29
21799,5,17,0,95,12
21795,5,17,3,31,6
21794,5,17,0,23,4
21793,5,16,0,100,19
21792,5,16,0,62,9
21790,5,15,0,26,4
21789,5,15,1,38,8
21788,5,15,0,0,0
21786,5,9,0,861,128
21781,4,19,1,59,10
21779,4,7,0,17,3
21778,4,7,0,30,5
21777,2,10,0,31,6
21767,0,6,1,20,4
21764,0,4,7,0,0
21759,6,13,5,69,11
21742,4,6,12,1027,140
21733,3,18,5,34,5
21720,3,8,4,86,13
21712,2,20,0,49,7
21708,2,20,2,10,2
21534,2,18,85,189,34
21516,2,18,11,24,4
21502,2,18,5,31,5
21435,2,17,34,32,5
21423,2,17,0,492,59
21410,2,17,20,10,2
21399,2,16,11,39,6
21357,2,16,14,109,14
21328,2,15,5,0,0
21320,2,15,21,74,12
21300,2,11,8,16,3
21271,1,20,6,21,4
21247,1,15,4,8,2
21246,1,15,8,25,5
21244,1,15,34,0,0
21229,0,9,0,95,13
21206,6,5,3,63,11
21197,5,21,45,62,11
21195,5,19,0,36,7
21192,5,15,0,56,7
21191,5,15,1,665,95
21187,5,15,2,58,7
21186,5,14,0,95,11
21184,5,14,0,57,6
21182,5,14,3,128,15
21180,5,13,0,129,17
21172,4,16,5,114,18
21170,4,14,0,38,7
21162,4,9,0,42,7
21157,3,17,1,148,20
21152,3,13,1,55,11
21144,2,18,4,8,1
21138,2,15,0,42,7
21116,2,9,9,56,10
21105,2,2,8,27,5
21085,1,20,11,41,5
20980,1,18,56,44,9
20918,1,17,51,22,2
20905,1,16,4,70,7
20863,1,15,24,56,9
20852,1,15,16,16,2
20831,1,11,6,119,16
20762,0,11,27,21,3
20715,6,9,19,42,5
20693,6,6,70,24,5
20692,6,6,5,20,4
20681,4,11,1,56,9
20673,3,10,10,15,1
20670,3,9,4,39,9
20669,3,7,0,35,5
20668,3,5,1,12,2
20664,3,4,0,0,0
20656,2,19,4,22,4
20648,2,15,4,168,25
20646,2,15,5,81,15
20635,2,11,1,32,6
20630,2,9,10,0,0
20629,2,9,1,31,5
20610,0,8,15,187,32
20592,5,6,5,241,39
20587,4,9,6,139,26
20577,3,7,3,31,5
20573,3,0,7,8,1
20571,2,16,0,0,0
20568,2,16,1,484,68
20565,2,16,3,0,0
20562,2,15,3,38,5
20561,2,15,0,42,7
20560,2,15,0,2,1
20555,1,1,0,22,3
20549,0,8,1,28,5
20547,0,3,0,92,15
20543,6,18,7,35,6
20534,4,11,4,81,18
20529,3,11,3,64,11
20527,2,8,0,31,5
20520,0,17,5,61,9
20519,0,17,0,0,0
20516,0,11,0,79,14
20506,1,16,3,17,2
20503,0,13,2,466,90
20501,0,12,0,61,8
20499,6,15,0,25,3
20496,5,14,0,16,3
20472,4,9,1,66,12
20470,3,17,0,170,33
20449,1,9,0,8,1
20437,1,3,1,38,5
20431,0,8,0,1359,230
20430,0,8,0,36,6
20421,6,9,3,125,20
20414,6,6,5,29,6
20403,5,19,5,0,0
20391,5,9,1,30,4
20389,5,9,1,884,132
20388,5,9,14,193,34
20386,5,8,4,32,5
20384,5,8,2,133,17
20337,4,11,14,492,74
20334,4,4,0,50,8
20331,3,13,0,21,4
20330,3,13,1,98,11
20322,3,8,0,53,9
20315,2,15,0,409,69
20305,2,14,11,164,24
20299,2,6,0,84,17
20287,1,11,0,30,5
20279,0,11,4,259,43
20271,0,8,2,263,45
20270,0,8,1,0,0
20246,6,14,10,57,10
20245,6,14,7,131,20
20238,6,5,0,36,5
20221,5,11,0,26,5
20220,5,11,28,11,1
20202,0,10,0,8,1
20200,0,3,1,19,4
20187,5,15,5,21,4
20153,5,5,4,122,17
20152,5,4,2,92,13
20151,5,1,0,18,3
20087,4,6,2,28,5
20065,3,3,5,22,4
20062,3,0,0,25,5
20026,1,3,5,227,39
20019,0,13,0,25,6
20016,0,9,1,254,46
20011,0,5,3,36,6
20006,0,3,0,13,2
20005,6,17,1,43,7
20002,6,8,3,640,89
19999,6,7,7,34,4
19996,6,6,0,17,2
19993,5,8,1,114,15
19981,3,17,1,202,24
19979,3,16,0,68,8
19954,3,3,18,331,53
19928,2,21,7,3,1
19921,2,20,1,6,1
19919,2,20,5,0,0
19909,2,19,2,8,2
19906,2,19,9,25,4
19903,2,19,2,0,0
19902,2,19,11,96,16
19866,2,18,10,26,4
19821,2,5,38,33,5
19781,1,11,14,33,6
19671,0,17,13,991,151
19637,0,17,86,65,8
19636,0,16,14,387,53
19633,0,16,1,1155,161
19628,0,16,18,0,0
19483,0,12,174,40,7
19477,0,12,26,34,5
19476,0,10,1,21,4
19463,6,21,8,191,29
19434,6,17,9,104,20
19433,6,17,4,12,2
19432,6,17,17,178,29
19429,6,16,6,67,10
19427,6,16,2,0,0
19412,6,15,21,91,15
19408,6,13,1,29,5
19395,6,9,10,64,9
19394,6,8,2,39,6
19393,6,8,0,27,5
19384,4,18,2,35,6
19382,4,14,0,66,11
19372,4,8,3,28,5
19347,3,21,23,22,3
19338,3,21,6,54,6
19332,3,21,6,44,9
19323,3,20,7,53,7
19315,3,20,11,43,4
19309,3,20,5,52,7
19284,3,15,13,53,8
19282,3,13,2,508,85
19259,2,22,20,440,73
19252,2,21,7,33,5
19237,2,19,15,25,5
19232,2,14,1,9,1
19229,2,13,15,44,7
19226,2,5,2,254,38
19223,1,13,2,1,1
19222,0,13,0,395,75
19221,0,11,0,30,5
19220,0,4,0,33,6
19218,0,3,0,16,3
19217,6,20,0,0,0
19215,6,19,1,17,3
19212,5,22,0,6,1
19206,5,17,4,33,8
19205,5,13,1,23,4
19204,5,13,0,3,1
19192,4,16,10,72,10
19189,2,19,0,27,5
19188,2,18,1,20,4
19186,2,18,0,30,4
19185,2,18,1,21,3
19182,2,17,2,45,6
19181,2,17,0,37,7
19179,2,17,1,37,6
19178,2,17,0,108,17
19154,0,18,20,20,2
19146,0,17,4,15,2
19143,0,17,6,32,4
19142,0,16,0,16,2
19132,6,15,0,33,5
19130,6,15,4,68,11
19128,6,15,4,55,7
19127,6,15,0,93,11
19126,6,15,0,56,8
19122,5,10,3,42,9
19121,5,10,1,21,3
19106,3,17,10,22,4
19096,2,12,4,0,0
19085,1,2,0,106,19
19075,6,7,10,45,9
19058,5,17,9,28,6
19056,5,16,0,17,6
19054,5,16,4,9,2
19049,5,16,2,135,19
19048,5,16,4,9,2
19047,5,16,0,3,1
19046,5,15,0,23,3
19044,5,15,1,79,14
19041,5,15,0,72,15
19040,5,15,1,86,16
19038,5,15,4,170,31
19037,5,15,0,60,8
19034,5,14,2,92,16
19033,5,13,1,41,6
19023,4,17,3,42,7
19020,4,17,0,4675,669
19019,4,16,0,4804,685
19013,4,11,7,30,5
19005,2,17,3,29,5
19004,2,17,2,44,7
18993,2,14,11,1,1
18991,2,13,0,34,6
18989,2,12,1,98,17
18979,2,9,9,69,11
18978,2,4,0,18,3
18970,0,14,6,155,26
18960,0,9,0,0,0
18957,0,3,0,66,13
18954,5,12,1,24,4
18951,5,4,3,88,13
18942,3,15,3,29,6
18931,2,13,21,63,9
18927,0,16,0,0,0
18923,0,11,5,28,5
18919,6,18,0,39,7
18916,6,17,3,75,13
18913,6,16,0,0,0
18908,6,15,6,217,35
18904,6,5,3,686,118
18903,5,20,1,51,9
18902,5,20,0,24,5
18901,5,18,0,0,0
18897,5,8,0,40,7
18891,4,13,2,74,10
18890,4,13,3,320,54
18888,4,12,1,623,102
18886,4,12,0,23,5
18856,3,21,31,9,1
18851,3,20,1,24,5
18842,3,20,9,58,9
18838,3,15,0,203,33
18837,3,15,0,24,5
18835,3,14,0,17,3
18834,3,14,1,34,6
18825,2,22,8,39,5
18817,1,17,0,25,4
18811,1,14,15,34,6
18810,0,13,1,1241,194
18809,6,17,0,68,12
18807,6,13,1,104,14
18806,6,13,0,32,4
18804,6,12,1,395,50
18801,4,8,1,30,5
18798,3,10,0,24,4
18792,3,4,4,14,2
18785,2,16,4,59,8
18783,2,11,0,28,5
18768,1,16,12,59,8
18762,0,11,2,49,7
18759,0,8,0,41,7
18741,6,19,12,48,10
18740,6,14,4,55,11
18725,6,4,0,93,14
18722,5,4,2,79,13
18717,4,19,6,46,5
18697,4,4,5,0,0
18682,3,22,4,62,9
18681,3,22,5,0,0
18666,3,19,11,39,6
18650,3,17,10,24,4
18635,3,16,8,17,2
18630,3,10,2,140,27
18620,2,18,1,200,33
18617,2,17,1,95,20
18609,2,14,22,140,25
18601,2,4,21,103,20
18580,1,20,20,35,4
18567,1,20,10,77,10
18566,1,20,0,79,6
18563,1,19,1,74,6
18562,1,18,0,0,0
18553,1,16,7,20,4
18538,5,16,4,69,14
18535,5,16,7,0,0
18534,5,16,0,23,3
18533,5,15,1,28,4
18531,5,6,0,153,26
18527,3,3,0,0,0
18526,2,20,0,30,4
18521,2,17,4,25,4
18518,2,17,2,0,0
18517,2,17,0,0,0
18514,2,15,0,101,15
18511,2,14,1,113,8
18510,2,14,1,2,1
18509,2,14,8,65,9
18483,0,20,8,28,5
18481,0,20,3,110,18
18469,0,20,21,64,10
18461,0,20,10,26,4
18451,0,19,9,61,9
18448,6,15,1,8,1
18441,4,20,1,93,14
18437,4,20,6,6,2
18435,4,20,3,68,12
18434,4,19,0,24,5
18431,4,19,2,52,7
18428,4,18,2,39,6
18426,4,9,0,323,64
18425,4,3,0,260,49
18422,2,18,0,13,2
18417,2,13,6,300,42
18414,1,3,1,504,90
18413,1,3,0,14,2
18412,0,22,0,23,5
18409,0,10,0,19,5
18402,6,17,6,182,30
18398,6,17,3,93,11
18395,5,21,1,266,44
18387,5,18,4,137,24
18385,5,18,1,61,8
18381,5,10,1,697,130
18378,5,6,0,222,35
18377,5,6,2,134,19
18350,3,19,21,15,3
18348,3,19,0,0,0
18344,3,19,3,67,12
18319,3,17,12,37,7
18314,3,16,9,141,9
18303,3,11,10,113,22
18301,3,11,3,288,44
18293,3,3,8,961,144
18261,2,14,12,295,42
18260,2,14,1,50,11
18239,1,20,13,41,4
18235,1,19,0,28,4
18234,1,19,5,8,1
18233,1,19,0,76,6
18229,1,18,3,50,8
18226,1,18,1,49,7
18217,1,9,1,353,53
18216,1,9,1,116,15
18215,1,9,4,217,36
18211,1,4,9,20,4
18210,1,3,0,0,0
18208,0,19,1,30,6
18207,0,13,0,0,0
18206,0,3,0,18,3
18203,6,20,2,12,2
18199,6,17,3,57,12
18194,6,11,2,91,14
18193,6,11,1,10,2
18191,6,9,0,710,98
18187,5,10,2,38,6
18185,5,7,0,49,7
18184,4,5,2,39,7
18182,4,3,0,113,16
18169,2,17,7,26,5
18167,2,17,4,69,11
18166,2,16,0,59,13
18157,1,19,6,26,5
18155,1,13,1,30,5
18154,1,10,0,132,20
18152,1,8,0,64,12
18146,6,17,3,30,5
18144,6,9,0,45,9
18143,5,18,0,227,30
18141,4,17,0,182,33
18120,3,21,11,87,16
18115,3,20,4,3,1
18101,3,20,12,60,5
18100,3,20,0,21,3
18099,3,19,0,24,4
18092,3,19,1,62,10
18091,3,19,3,24,4
18087,3,19,4,138,7
18085,3,19,0,70,11
18065,3,3,0,841,122
18064,3,3,9,113,19
18061,2,15,0,0,0
18060,2,15,1,70,10
18059,2,14,0,44,6
18056,2,7,0,28,3
18055,2,3,0,118,24
18054,1,23,0,33,7
18052,1,17,17,16,2
18051,1,14,0,100,20
18030,1,4,17,0,0
18028,0,13,0,38,6
18024,0,10,6,0,0
18022,0,8,0,17,4
18021,0,4,1,102,13
18019,6,3,0,67,12
18015,5,17,1,71,12
18007,3,17,3,0,0
18006,3,3,0,38,6
17999,2,14,5,23,4
17985,1,21,11,227,36
17980,1,10,0,1,1
17973,1,4,5,85,16
17972,1,3,0,17,2
17971,1,0,2,27,5
17967,0,13,1,0,0
17961,0,5,0,0,0
17960,0,3,0,151,23
17959,6,23,1,0,0
17957,6,15,0,14,2
17952,5,20,7,145,24
17942,4,18,4,76,13
17941,4,18,0,35,5
17932,4,2,2,56,9
17924,3,19,16,115,21
17918,3,13,0,38,8
17914,3,9,4,2,1
17909,2,15,0,5,1
17905,2,13,3,73,9
17903,2,13,0,145,22
17899,2,9,6,37,8
17898,2,9,0,49,12
17891,1,16,2,416,47
17885,1,13,0,85,15
17884,1,8,1,13,2
17883,1,0,0,40,6
17879,0,18,0,48,8
17877,0,17,0,29,4
17874,0,16,3,283,48
17856,0,15,3,157,28
17854,0,15,0,40,7
17853,0,15,1,39,7
17852,0,11,0,0,0
17848,0,4,0,32,6
17847,0,4,6,0,0
17846,0,3,0,95,14
17837,6,19,1,27,4
17834,6,19,6,44,10
17833,6,19,11,143,20
17830,6,18,2,58,7
17829,6,18,0,76,10
17827,6,18,1,110,14
17826,6,18,0,105,16
17825,6,18,0,87,11
17823,6,18,0,73,9
17822,6,18,0,90,11
17821,6,18,0,87,13
17817,6,18,2,63,8
17812,6,17,4,103,13
17811,6,17,0,72,12
17808,6,17,0,94,12
17806,6,17,2,165,24
17805,6,17,0,90,13
17802,6,17,3,56,7
17801,6,16,0,0,0
17800,6,16,0,17,2
17799,6,16,0,63,8
17791,6,16,4,13,2
17790,6,16,2,21,4
17786,6,14,1,252,38
17784,6,14,0,0,0
17773,6,10,7,97,13
17768,6,10,6,100,16
17763,6,8,2,0,0
17760,6,8,5,0,0
17754,6,6,5,204,30
17753,6,1,1,0,0
17750,5,15,2,28,6
17742,5,4,0,16,3
17735,4,20,1,26,2
17727,4,17,2,100,15
17726,4,17,3,67,8
17725,4,17,0,55,8
17713,4,15,5,111,18
17700,4,13,13,322,51
17674,4,11,3,58,10
17662,4,11,25,49,7
17661,4,11,2,34,5
17660,4,11,0,19,2
17651,4,9,6,238,34
17647,4,8,2,90,15
17643,4,8,2,65,8
17581,3,22,11,6,1
17578,3,22,2,77,13
17570,3,22,2,14,2
17560,3,21,14,213,30
17504,3,21,23,287,43
17501,3,21,0,0,0
17414,3,21,21,50,7
17410,3,21,79,145,24
17396,3,20,14,21,3
17387,3,20,2,30,2
17383,3,20,11,39,8
17382,3,20,0,97,11
17369,3,20,11,88,11
17367,3,20,2,22,4
17360,3,20,0,45,8
17352,3,20,11,112,12
17346,3,20,13,327,52
17343,3,20,1,31,4
17330,3,20,14,109,8
17318,3,20,15,43,6
17309,3,19,9,0,0
17302,3,19,4,197,30
17301,3,19,1,34,6
17296,3,19,2,100,17
17291,3,19,4,17,3
17286,3,19,1,131,17
17255,3,19,23,91,5
17247,3,19,2,21,3
17244,3,18,3,10,1
17241,3,18,6,349,28
17238,3,18,5,19,4
17223,3,18,4,139,19
17221,3,18,8,126,17
17201,3,13,3,56,8
17200,3,13,18,714,113
17199,3,11,1,33,4
17198,3,11,0,0,0
17195,3,10,3,0,0
17192,3,10,4,457,61
17190,3,9,0,131,7
17186,3,4,0,32,7
17185,3,4,0,14,3
17177,2,16,4,988,151
17176,2,15,0,74,11
17174,2,14,2,580,81
17166,2,5,0,81,16
17165,2,4,2,527,78
17164,2,4,0,0,0
17163,2,3,0,97,17
17158,1,13,3,0,0
17155,1,11,2,203,30
17154,1,8,0,59,6
17151,1,5,2,150,25
17149,0,22,0,12,2
17148,0,22,0,85,12
17143,0,14,0,108,22
17142,0,14,0,93,17
17138,0,12,7,109,18
17134,0,12,1,30,5
17131,0,9,2,59,8
17127,0,5,0,13,2
17126,0,4,0,32,5
17125,0,1,0,136,22
17124,0,1,0,181,28
17121,6,18,0,10,2
17119,6,18,1,0,0
17118,6,18,0,171,25
17117,6,18,4,56,9
17114,6,15,1,20,2
17113,6,15,1,14,2
17112,6,14,0,142,22
17099,5,20,4,0,0
17084,5,15,13,24,4
17081,5,14,0,61,11
17079,5,14,3,70,10
17078,5,14,1,420,60
17076,5,11,3,547,81
17068,5,6,6,0,0
17067,5,5,0,13,2
17060,4,14,2,114,21
17052,4,9,0,36,6
17043,4,7,1,374,55
17037,4,5,0,7,1
17032,4,4,0,13,2
17028,4,0,2,38,5
17018,3,21,4,205,32
17009,3,21,12,196,27
17000,3,19,5,42,7
16960,3,18,57,228,36
16953,3,18,5,17,3
16942,3,18,6,28,3
16930,3,18,3,27,4
16927,3,18,9,21,5
16916,3,18,3,26,5
16901,3,18,12,48,7
16886,3,18,12,62,9
16875,3,17,3,113,17
16863,3,17,12,19,3
16858,3,17,1,24,3
16851,3,16,15,52,10
16839,3,16,10,0,0
16838,3,16,1,23,4
16834,3,15,1,216,39
16829,3,15,0,201,34
16826,3,14,3,38,5
16820,3,13,8,209,37
16818,3,13,0,58,9
16813,3,11,0,44,6
16810,3,8,1,83,11
16807,3,8,6,56,9
16806,3,7,0,90,18
16800,3,5,1,10,2
16798,3,4,0,22,4
16797,3,3,1,14,3
16790,2,19,2,36,5
16776,2,12,0,24,3
16768,2,11,8,18,3
16754,2,9,18,48,7
16748,1,19,2,209,33
16747,1,19,2,66,8
16736,1,14,8,90,14
16735,1,14,0,28,5
16702,1,10,8,143,23
16697,1,6,0,46,9
16680,0,17,1,84,14
16667,0,7,2,336,56
16662,6,17,1,181,28
16659,6,17,2,66,13
16657,6,16,3,95,18
16651,6,16,4,51,10
16650,6,15,2,36,6
16649,6,15,0,48,9
16648,6,15,0,14,3
16643,6,12,4,78,10
16641,6,5,0,22,4
16640,6,5,1,19,3
16632,5,6,3,63,10
16617,4,7,0,15,1
16612,4,3,3,40,8
16611,4,3,0,65,10
16610,4,3,0,94,14
16604,3,20,1,13,2
16603,3,19,0,131,23
16600,3,19,2,45,4
16597,3,19,2,15,3
16595,3,18,0,88,12
16592,3,18,2,9,2
16588,3,17,1,364,50
16586,3,16,3,21,3
16575,3,11,16,0,0
16574,3,9,0,62,13
16569,2,20,5,40,6
16568,2,20,0,53,8
16564,2,18,0,23,3
16563,2,17,2,17,2
16561,2,14,0,659,79
16557,2,7,0,46,9
16554,2,3,1,20,3
16544,1,10,0,83,10
16540,1,9,0,40,4
16537,0,18,0,25,4
16535,0,18,1,74,15
16534,0,17,0,110,20
16530,0,13,2,38,7
16527,0,10,2,258,47
16526,0,10,0,45,7
16520,0,3,1,134,14
16519,0,3,1,92,15
16518,0,3,0,157,24
16516,0,3,0,111,17
16515,0,3,0,3,1
16502,6,20,5,62,10
16501,6,20,1,101,13
16499,6,19,2,3,1
16498,6,19,0,38,5
16496,6,19,1,45,6
16495,6,19,0,59,8
16491,6,18,2,63,7
16490,6,18,0,33,6
16489,6,17,1,34,4
16488,6,17,0,56,6
16487,6,17,0,24,3
16486,6,14,0,35,6
16485,6,14,0,19,4
16482,6,8,0,156,20
16481,6,4,0,57,7
16477,5,15,1,53,10
16474,5,13,2,31,6
16459,5,7,0,28,7
16457,5,7,0,29,5
16454,5,4,0,2,1
16453,5,3,1,958,151
16444,4,17,1,21,4
16394,4,11,42,8,1
16392,4,11,3,137,22
16390,4,11,4,82,12
16379,4,11,104,260,38
16378,4,10,0,72,11
16376,4,8,3,85,14
16374,4,8,0,16,2
16371,4,7,5,153,23
16362,3,19,2,18,5
16360,3,19,4,2,1
16357,3,19,2,101,17
16354,3,18,2,93,17
16348,3,18,5,14,3
16347,3,17,0,77,12
16346,3,17,0,13,2
16344,3,17,0,30,3
16342,3,17,0,0,0
16335,3,16,10,26,5
16333,3,16,1,20,4
16331,3,12,0,73,15
16330,3,12,1,22,5
16328,3,4,0,26,5
16327,3,3,2,25,5
16319,2,16,4,36,7
16318,2,15,0,46,8
16317,2,10,0,350,54
16310,1,17,0,129,22
16309,1,16,0,31,4
16308,1,15,0,15,3
16303,1,10,0,22,4
16297,1,8,10,70,11
16293,0,18,1,52,9
16292,0,18,0,11,1
16289,0,18,0,50,8
16287,0,16,4,74,10
16286,0,16,0,38,6
16285,0,16,0,12,2
16283,0,10,0,53,6
16282,0,9,0,31,5
16281,0,9,1,29,4
16280,0,7,0,28,5
16278,0,3,1,88,15
16274,6,21,0,43,6
16273,6,20,0,80,12
16271,6,18,6,115,21
16269,6,18,1,22,3
16268,6,18,0,94,14
16266,6,18,0,109,17
16265,6,17,0,134,25
16264,6,17,0,28,6
16263,6,16,1,106,14
16259,6,11,0,15,1
16251,6,8,8,64,11
16250,5,18,0,21,4
16248,5,16,0,15,1
16245,4,19,0,54,9
16243,4,15,0,37,5
16241,4,11,0,188,31
16239,4,11,3,109,12
16238,4,9,1,209,30
16236,4,8,1,106,14
16226,3,23,0,73,12
16224,3,23,3,68,15
16222,3,22,2,24,4
16221,3,22,0,23,4
16209,3,20,18,132,23
16206,3,19,3,72,5
16203,3,19,1,23,3
16201,3,19,1,23,4
16199,3,18,0,48,7
16196,3,18,1,31,2
16193,3,18,1,15,2
16191,3,18,4,9,1
16190,3,18,2,9,1
16189,3,18,0,132,18
16188,3,18,0,39,6
16183,3,15,0,34,6
16178,3,12,0,207,26
16177,3,10,0,51,6
16176,3,5,6,22,4
16175,3,5,0,18,2
16173,2,15,0,30,5
16168,2,6,2,25,5
16160,1,20,7,25,4
16157,1,14,0,86,13
16155,1,11,0,43,7
16154,1,11,1,40,7
16152,1,10,3,302,41
16150,0,18,0,52,9
16141,0,1,6,114,17
16140,6,22,2,28,5
16138,6,17,1,70,11
16126,6,3,0,61,10
16125,5,14,0,33,6
16110,4,20,5,3,1
16106,4,20,8,702,101
16069,4,16,27,385,57
16047,4,10,5,421,60
16044,4,8,1,1121,187
16043,4,8,0,1583,253
16036,3,23,1,30,2
16031,3,20,5,51,6
16026,3,20,10,48,6
16022,3,20,2,84,12
16015,3,19,0,13,2
15990,3,18,7,29,5
15984,3,18,13,24,3
15981,3,18,0,30,4
15976,3,18,4,46,7
15968,3,18,7,51,6
15967,3,18,0,46,7
15966,3,18,0,46,6
15958,3,17,0,135,15
15931,3,16,45,92,10
15928,3,9,0,62,7
15921,2,21,0,498,66
15918,2,19,0,41,5
15916,2,19,1,501,72
15914,2,19,0,224,32
15912,2,19,2,36,5
15892,2,10,9,203,27
15891,2,10,1,74,11
15890,2,9,9,212,29
15887,2,9,2,213,26
15885,2,9,1,43,7
15883,2,9,0,92,11
15882,2,9,1,71,10
15877,1,10,1,439,71
15876,1,10,0,45,4
15875,1,8,0,197,26
15872,0,8,0,47,5
15870,6,23,1,41,5
15868,6,19,1,48,6
15865,6,13,1,67,6
15864,6,13,0,791,102
15863,6,10,0,37,5
15862,6,10,0,70,9
15861,6,10,0,413,67
15856,5,18,0,89,12
15854,5,16,0,3,1
15853,5,16,0,146,19
15847,5,10,4,115,15
15846,5,10,0,171,21
15845,5,10,0,763,107
15844,5,10,0,964,144
15843,5,9,0,1202,202
15834,4,22,0,111,17
15827,4,22,14,109,13
15825,4,17,0,210,29
15815,4,14,0,62,8
15812,4,13,0,570,83
15811,4,12,0,529,87
15809,4,11,2,231,37
15801,4,11,9,113,14
15800,4,10,1,18,2
15797,4,10,1,392,52
15796,4,10,1,136,18
15791,4,9,3,238,31
15786,4,7,8,235,32
15785,4,7,0,123,17
15782,4,6,2,25,3
15766,3,19,4,259,37
15765,3,19,0,1180,181
15763,3,19,0,1457,230
15762,3,18,1,2352,334
15751,3,16,4,47,6
15743,3,15,3,131,20
15740,3,15,4,47,6
15737,3,15,5,65,8
15736,3,15,0,31,3
15735,3,15,0,42,7
15734,3,15,0,37,6
15733,3,15,0,49,7
15732,3,15,0,40,6
15730,3,15,0,46,7
15729,3,15,0,49,7
15728,3,15,0,56,8
15721,3,15,1,69,9
15708,3,15,7,52,7
15707,3,15,4,25,4
15705,3,15,1,0,0
15704,3,15,0,20,3
15702,3,15,1,23,4
15701,3,14,0,13,2
15699,3,14,1,42,8
15698,3,14,0,56,9
15697,3,14,3,49,7
15695,3,14,0,59,8
15688,3,14,1,68,9
15687,3,14,1,57,8
15677,3,14,11,31,5
15670,3,13,1,215,26
15666,3,13,3,339,23
15664,3,13,5,56,9
15650,3,10,8,108,16
15649,3,10,0,930,131
15641,3,9,1,41,6
15638,3,8,6,88,12
15636,3,7,0,52,7
15635,3,7,0,649,94
15615,2,8,0,274,43
15613,2,8,1,477,64
15605,2,7,10,63,8
15604,2,7,0,28,3
15601,2,5,1,201,23
15600,2,5,0,12,2
15597,1,22,1,147,20
15593,1,19,0,94,12
15591,1,19,0,714,99
15585,1,18,1,84,14
15584,1,18,2,695,97
15581,1,17,2,611,89
15580,1,17,0,1913,314
15577,1,14,1,460,66
15576,1,13,0,101,19
15570,1,10,5,57,11
15568,1,8,0,680,98
15567,1,8,1,221,33
15563,0,20,2,989,143
15559,0,19,3,328,42
15556,0,17,0,840,124
15555,0,16,0,553,77
15554,0,16,0,88,14
15553,0,16,3,358,52
15551,0,16,2,720,114
15549,0,15,0,112,18
15542,0,12,1,144,19
15541,0,12,3,135,17
15535,0,8,0,84,19
15533,0,7,0,33,5
15532,0,7,0,71,9
15531,0,5,1,33,5
15526,6,19,2,151,22
15525,6,19,6,182,22
15523,6,18,0,1045,169
15522,6,18,0,46,5
15520,6,18,1,608,97
15519,6,17,0,760,114
15487,0,13,13,432,63
15481,0,10,2,88,9
15472,5,17,8,42,5
15465,5,14,11,126,15
15464,5,14,0,343,49
15461,3,23,0,11,2
15434,1,12,12,214,23
15433,1,12,2,495,61
15432,1,12,1,54,8
15417,4,8,0,0,0
15414,2,17,1,0,0
15411,0,18,2,20,4
15410,0,18,1,60,9
15409,0,18,2,78,12
15395,5,14,9,30,3
15383,0,18,6,63,9
15380,4,9,1,0,0
15363,0,18,15,18,3
15362,0,18,2,98,17
15361,6,18,0,10,1
15359,5,22,0,0,0
15357,5,20,3,47,6
15352,5,20,2,29,5
15341,5,18,8,18,3
15334,5,16,1,0,0
15332,5,16,0,13,2
15323,5,10,3,47,8
15319,5,9,15,82,12
15310,3,20,4,0,0
15301,0,14,0,78,10
15293,6,21,9,144,21
15291,6,19,0,0,0
15284,4,7,0,39,5
15277,3,16,2,137,25
15255,2,20,7,128,19
15252,2,19,9,184,26
15245,2,18,18,50,8
15240,2,17,5,78,9
15238,2,15,0,41,5
15237,2,15,0,0,0
15236,2,15,1,39,7
15230,1,21,3,27,5
15229,1,21,5,0,0
15221,5,15,3,22,2
15210,3,4,10,0,0
15205,3,3,5,23,4
15198,2,18,9,110,20
15197,2,14,0,122,18
15186,1,16,2,14,3
15177,1,15,13,0,0
15175,1,15,2,30,6
15169,1,14,7,9,2
15126,6,18,11,54,7
15104,6,18,51,46,6
15098,6,14,4,70,14
15096,6,14,2,262,37
15091,6,12,4,203,19
15078,5,16,12,70,10
15073,2,15,0,74,14
15070,2,14,0,0,0
15069,2,14,4,23,3
15068,2,14,0,23,3
15063,0,20,0,13,2
15056,6,20,0,0,0
15044,6,17,12,0,0
15034,6,16,2,0,0
15033,6,16,11,26,3
15031,6,13,0,0,0
15026,6,7,5,90,12
15022,4,9,2,38,6
15021,3,22,0,70,10
15011,2,16,7,34,5
15004,2,15,7,54,7
14985,1,18,11,17,3
14980,1,11,0,310,46
14979,1,11,0,0,0
14967,0,18,17,73,11
14956,6,9,7,119,19
14950,5,18,5,8,2
14948,5,18,1,53,5
14944,5,18,1,71,6
14934,5,15,6,83,10
14932,5,15,1,45,7
14930,5,15,6,45,9
14921,4,19,2,195,30
14918,4,19,6,42,6
14917,4,18,0,0,0
14914,4,18,0,1424,205
14911,4,18,5,65,8
14903,4,16,1,75,11
14901,4,11,1,23,5
14895,3,17,3,84,12
14883,2,1,2,45,8
14865,1,18,4,47,7
14863,1,18,9,256,50
14850,1,17,22,47,7
14845,1,17,1,14,2
14810,1,3,19,148,21
14809,1,3,11,21,3
14803,0,11,0,26,3
14790,6,21,5,234,34
14783,6,19,3,17,3
14777,6,17,12,71,11
14775,6,17,2,40,6
14773,6,16,0,66,10
14755,6,4,14,79,9
14747,5,18,7,36,5
14745,5,6,0,144,23
14731,3,17,7,0,0
14728,3,4,1,29,6
14727,2,2,3,30,5
14726,2,2,0,0,0
14724,1,16,0,0,0
14723,1,16,1,0,0
14722,1,16,0,0,0
14718,0,15,0,69,11
14717,0,15,0,24,4
14704,6,16,7,11,2
14703,6,16,4,21,4
14696,5,18,4,140,18
14693,5,18,3,15,2
14692,5,18,0,43,6
14682,3,18,0,36,5
14678,2,19,3,0,0
14677,2,19,3,34,7
14665,1,10,4,2,1
14663,1,3,1,205,21
14649,0,16,0,26,4
14645,0,15,9,1,1
14640,6,15,5,15,3
14639,6,6,0,388,64
14638,6,6,0,37,5
14631,5,16,5,34,5
14628,5,12,3,51,9
14626,4,14,2,13,2
14625,4,13,0,0,0
14624,4,2,0,286,44
14614,2,14,5,0,0
14606,1,23,3,51,8
14604,1,22,1,69,8
14603,1,22,4,142,17
14597,1,12,1,148,31
14589,0,19,3,38,4
14586,0,17,6,77,12
14581,0,12,2,17,3
14579,0,8,2,0,0
14557,6,16,0,0,0
14550,6,16,12,200,25
14519,6,8,3,0,0
14513,6,7,4,0,0
14511,6,7,0,0,0
14510,6,7,0,41,1
14496,6,5,12,1207,159
14487,5,22,3,0,0
14486,5,22,7,7,1
14475,5,19,3,58,8
14460,5,19,2,33,4
14457,5,19,20,56,9
14452,5,19,14,96,17
14435,5,17,15,107,19
14427,5,17,3,33,5
14426,5,16,0,1,1
14425,5,16,1,16,1
14422,5,16,0,0,0
14420,5,15,2,65,11
14418,5,14,1,0,0
14417,5,14,1,7,1
14416,5,14,0,178,29
14409,5,11,5,32,6
14395,4,20,7,0,0
14384,4,18,13,53,10
14382,4,18,1,33,7
14380,4,18,1,53,9
14369,4,15,6,32,5
14368,4,15,6,106,16
14361,4,3,4,444,74
14360,4,0,2,34,5
14358,3,14,0,74,14
14357,3,11,1,23,5
14354,2,10,0,70,10
14351,1,10,1,62,9
14342,0,13,6,142,22
14334,6,16,2,42,6
14333,6,16,2,0,0
14332,6,16,3,86,14
14306,6,4,0,39,7
14305,6,4,1,21,3
14303,5,15,0,25,5
14291,4,13,35,938,125
14290,4,2,0,34,5
14289,4,2,0,33,7
14288,3,16,0,69,13
14287,3,16,0,34,6
14285,3,15,1,18,2
14284,3,15,0,0,0
14283,3,13,0,18,2
14282,3,12,0,98,15
14280,3,2,0,7,1
14279,3,2,0,16,2
14271,2,15,4,170,31
14264,2,10,4,135,20
14260,1,22,0,0,0
14251,1,17,17,0,0
14237,1,10,17,500,71
14236,1,6,0,7,1
14230,6,19,4,0,0
14228,6,7,0,31,6
14226,4,14,0,16,3
14214,2,19,9,13,2
14212,2,10,0,5,1
14211,2,2,0,49,6
14202,0,21,4,89,14
14178,6,2,9,0,0
14177,5,21,0,15,2
14176,5,19,9,32,5
14141,5,8,0,42,6
14130,4,17,0,21,3
14129,4,16,0,11,2
14105,2,21,8,50,7
14102,2,17,2,115,19
14101,2,17,1,68,10
14093,1,11,4,83,14
14088,6,23,2,9,1
14084,5,20,0,0,0
14081,5,14,2,37,9
14075,5,12,5,64,11
14073,5,2,1,18,3
14066,4,3,3,39,7
14065,4,3,1,69,8
14042,2,19,2,33,5
14036,2,19,13,992,118
14035,1,18,0,37,7
14030,1,3,1,46,7
14029,0,22,2,89,13
14028,0,13,0,43,7
14027,0,10,0,0,0
14024,6,17,0,26,6
14021,5,20,4,117,18
14017,5,9,1,26,4
14016,5,8,3,36,7
14013,5,7,0,315,41
14011,5,6,0,276,40
14010,4,12,0,30,5
14004,3,21,2,0,0
13991,1,22,1,18,2
13990,1,22,1,154,29
13979,1,18,5,52,7
13977,1,18,3,57,8
13976,1,18,0,150,22
13971,1,16,1,108,17
13969,1,16,13,115,12
13965,0,16,1,13,2
13963,0,3,0,25,5
13961,0,2,0,29,8
13953,3,15,1,22,3
13946,2,19,4,19,3
13944,2,4,0,30,7
13943,2,3,0,16,2
13942,2,3,0,65,10
13938,0,14,0,9,1
13935,0,10,2,33,6
13926,6,20,4,2,1
13911,6,7,0,7,1
13908,5,20,0,0,0
13907,5,20,3,22,5
13906,5,20,1,136,16
13905,5,16,0,25,5
13904,5,16,0,19,3
13903,5,16,0,57,6
13897,5,10,0,137,22
13883,4,22,23,78,13
13882,4,22,0,0,0
13879,4,15,0,38,5
13868,3,14,4,16,3
13866,2,13,0,18,3
13859,0,17,3,1,1
13858,0,17,3,229,33
13856,0,16,0,72,8
13855,0,16,0,289,37
13854,0,16,0,0,0
13851,0,16,0,48,8
13847,6,19,0,26,4
13845,6,13,0,26,4
13835,5,10,1,23,4
13828,4,23,1,68,11
13827,4,23,0,66,8
13826,4,23,1,106,18
13822,4,22,64,90,19
13821,4,22,0,136,16
13820,4,22,0,184,28
13819,4,22,0,513,72
13809,2,9,1,60,10
13808,2,9,0,0,0
13801,5,9,4,95,13
13795,4,16,0,43,4
13794,4,16,4,92,14
13788,3,19,2,116,21
13782,1,19,8,0,0
13781,1,18,0,21,3
13778,1,17,9,587,86
13775,1,15,0,15,2
13764,0,17,10,77,10
13763,0,17,0,30,7
13762,0,17,2,39,4
13760,6,20,1,66,8
13758,6,11,0,0,0
13757,5,7,0,105,16
13755,5,5,0,364,67
13753,4,12,0,79,13
13752,2,8,0,104,13
13748,5,20,1,0,0
13742,4,10,5,44,7
13736,3,21,7,198,28
13727,0,18,2,47,9
13716,6,12,8,400,54
13715,6,12,1,814,121
13714,6,12,0,498,75
13706,5,20,4,103,19
13705,5,20,3,75,12
13704,5,20,0,102,10
13703,5,19,0,0,0
13698,6,19,0,0,0
13692,5,12,6,56,8
13690,4,12,0,14,3
13687,2,20,0,18,2
13685,2,20,3,91,18
13684,2,20,1,83,12
13681,2,18,5,287,47
13678,2,17,1,65,11
13675,2,17,3,46,6
13674,2,16,1,40,4
13673,2,15,0,0,0
13671,2,15,1,45,4
13669,2,15,0,18,3
13668,2,14,1,0,0
13667,2,10,0,55,10
13657,5,19,2,14,2
13655,5,18,4,81,14
13654,5,17,0,0,0
13651,5,17,1,35,4
13650,5,17,0,18,3
13649,5,17,2,62,9
13642,3,3,0,0,0
13640,0,15,0,0,0
13635,6,13,1,0,0
13633,6,13,4,26,4
13632,6,13,0,28,6
13631,6,13,0,38,4
13630,6,13,0,76,10
13629,6,10,0,23,4
13628,5,1,0,44,5
13627,5,1,0,72,9
13624,3,20,0,221,30
13623,3,19,1,61,11
13621,3,18,0,41,7
13620,3,18,0,86,13
13619,3,14,0,55,8
13615,2,15,1,0,0
13612,1,16,0,112,11
13608,0,12,1,46,7
13607,0,12,0,18,3
13600,0,2,5,6,1
13597,6,21,9,20,5
13593,5,17,4,27,5
13590,5,11,1,76,13
13589,5,9,0,355,44
13585,0,13,0,1441,189
13579,6,17,6,235,21
13578,6,10,0,66,10
13577,6,9,1,96,15
13576,5,21,0,36,5
13574,5,17,0,32,5
13570,5,17,3,44,6
13567,5,16,3,56,9
13566,5,14,0,73,7
13560,6,13,0,83,7
13554,6,9,4,38,5
13553,6,9,1,29,5
13551,6,9,2,73,11
13543,5,21,5,74,10
13536,5,19,5,63,9
13535,3,21,0,76,12
13534,3,14,0,0,0
13532,0,4,1,50,9
13530,6,12,0,190,33
13524,5,17,7,0,0
13522,5,16,1,24,3
13515,0,16,1,22,3
13514,0,16,0,37,4
13512,0,2,0,43,6
13507,6,16,6,0,0
13504,6,15,2,34,3
13502,6,15,0,7,2
13501,6,15,0,64,14
13498,6,12,0,5,1
13497,6,12,0,42,6
13496,6,12,0,1284,198
13491,5,23,3,36,6
13481,5,17,11,57,7
13479,5,15,1,0,0
13476,5,15,0,36,4
13473,5,15,2,40,5
13472,5,15,0,21,3
13470,5,13,1,30,5
13467,5,11,0,48,7
13462,5,10,6,83,10
13460,4,3,0,21,3
13458,3,1,1,43,8
13455,2,16,0,120,23
13450,2,16,6,0,0
13449,2,13,0,42,6
13447,1,16,1,422,54
13441,5,15,0,133,23
13440,5,15,0,0,0
13439,5,14,0,46,7
13435,5,4,4,735,112
13431,4,12,0,602,90
13429,3,16,3,89,12
13428,3,13,0,34,8
13427,3,13,0,43,7
13426,3,10,0,0,0
13424,0,20,0,0,0
13421,6,15,0,0,0
13417,6,14,5,11,2
13416,6,14,0,40,4
13415,6,14,0,3,1
13413,6,14,0,82,8
13411,6,13,1,23,4
13409,6,12,0,44,6
13408,6,12,0,147,18
13394,5,18,9,133,19
13392,4,15,1,96,16
13389,2,12,2,49,6
13369,6,21,1,36,5
13365,6,20,5,89,17
13363,6,20,0,4,2
13362,6,20,1,52,4
13361,6,20,0,54,9
13360,6,20,0,12,3
13359,6,19,0,31,5
13358,6,19,0,39,7
13356,6,19,1,71,11
13355,6,19,0,33,5
13354,6,19,0,34,5
13353,6,19,0,32,5
13350,6,19,3,55,5
13349,6,19,0,27,4
13345,6,18,1,44,4
13342,6,18,0,109,11
13341,6,18,2,17,2
13340,6,18,0,23,4
13335,6,17,1,194,25
13333,6,17,0,89,13
13331,6,16,4,111,15
13310,3,21,0,36,5
13307,3,20,0,25,4
13306,3,20,11,22,4
13304,3,20,0,37,6
13303,3,19,0,57,7
13302,3,19,0,62,10
13299,2,13,0,30,6
13294,1,6,8,2,1
13293,0,14,0,42,7
13292,0,14,0,151,21
13277,6,17,6,118,17
13274,6,17,2,24,5
13269,6,16,7,169,30
13267,6,16,1,42,4
13266,6,16,0,23,4
13265,6,16,0,53,10
13263,6,16,0,49,5
13259,6,16,3,41,5
13243,6,15,2,59,10
13242,6,15,15,92,12
13241,6,15,0,27,4
13240,6,15,0,79,9
13239,6,15,0,34,7
13227,6,19,4,36,5
13226,5,8,0,77,13
13224,4,10,1,4,1
13222,3,22,1,0,0
13219,3,13,0,48,6
13218,3,3,0,19,3
13210,2,16,4,0,0
13205,2,16,5,85,14
13202,2,15,2,21,4
13197,2,15,2,32,6
13192,2,14,3,0,0
13191,2,14,0,89,16
13190,2,14,1,0,0
13185,2,3,4,52,8
13183,1,20,0,57,9
13154,0,18,22,34,4
13150,6,11,0,17,4
13149,6,10,0,63,12
13148,6,10,1,11,2
13147,6,9,0,9,1
13146,6,9,0,16,3
13137,5,19,2,114,11
13134,5,17,6,60,10
13130,5,17,2,44,7
13124,5,17,1,32,5
13121,5,17,10,32,5
13114,5,17,2,129,20
13111,5,17,0,0,0
13109,5,17,0,33,6
13107,5,17,0,27,4
13104,5,17,0,7,1
13103,5,17,2,146,21
13101,5,17,0,31,6
13100,5,17,0,27,4
13098,5,17,0,34,4
13095,5,17,0,0,0
13092,5,16,0,13,2
13091,5,16,2,0,0
13088,5,16,2,23,3
13086,5,16,0,23,4
13084,5,16,0,25,4
13083,5,16,0,64,12
13081,5,16,0,84,16
13080,5,16,0,82,13
13079,5,16,0,32,6
13078,5,16,0,64,12
13074,5,16,0,106,16
13069,5,16,0,34,6
13067,5,16,0,92,15
13064,5,16,6,18,3
13063,5,16,0,22,3
13062,5,15,2,67,10
13059,5,15,4,36,5
13058,5,15,2,94,9
13049,5,15,0,220,29
13048,5,15,0,97,16
13020,5,11,17,54,9
13019,5,10,0,40,6
13003,4,18,5,95,15
12992,4,17,0,58,9
12983,4,17,2,67,10
12979,4,17,13,25,3
12976,4,16,3,333,47
12973,4,16,8,64,8
12960,2,15,7,147,20
12946,1,2,16,47,6
12938,5,18,5,42,8
12937,5,18,0,57,11
12936,5,17,0,39,7
12935,5,17,0,125,18
12933,5,17,1,92,14
12930,5,17,2,57,8
12928,5,15,0,40,7
12917,3,14,6,73,12
12916,3,14,0,149,20
12914,2,3,0,5,1
12910,0,20,3,39,6
12908,0,14,1,60,8
12904,3,3,0,354,50
12903,3,3,2,144,26
12900,2,3,1,62,12
12892,1,18,4,227,32
12889,1,17,3,47,8
12881,1,14,7,69,9
12874,0,5,0,29,4
12870,0,4,7,445,60
12869,6,18,0,25,4
12868,6,17,0,56,9
12867,6,17,0,333,54
12865,6,16,1,195,39
12864,6,16,0,21,7
12862,6,16,0,70,10
12860,6,15,2,14,3
12859,5,16,0,98,14
12849,3,6,5,35,7
12846,2,14,4,56,10
12845,2,14,0,39,7
12837,2,13,1,384,54
12830,6,19,1,0,0
12826,6,17,5,149,33
12825,6,17,0,149,33
12822,6,17,2,130,28
12820,6,17,2,109,23
12818,6,4,1,15,3
12817,6,3,0,45,6
12814,4,14,1,311,43
12812,4,3,0,18,3
12803,3,22,6,84,14
12788,2,21,1,0,0
12787,2,21,5,25,5
12779,0,13,8,157,23
12775,6,18,1,39,6
12772,6,18,1,99,15
12770,6,17,2,0,0
12769,6,17,0,43,6
12766,6,11,0,104,12
12765,6,11,0,18,3
12764,6,11,2,61,8
12763,6,8,0,52,7
12761,5,0,0,0,0
12759,3,4,0,136,27
12755,2,20,0,175,31
12753,2,20,2,27,4
12751,2,19,1,66,10
12749,2,19,0,60,9
12745,2,18,0,111,14
12744,2,18,3,43,6
12743,2,15,0,76,12
12741,0,20,0,51,8
12737,6,15,2,259,48
12736,6,11,0,41,6
12735,6,10,0,40,6
12734,6,9,0,39,7
12730,5,19,2,193,34
12728,5,19,0,26,4
12727,5,19,0,31,5
12725,5,18,0,38,7
12724,5,18,1,16,2
12723,5,18,0,30,5
12722,5,18,0,42,5
12721,5,18,0,48,8
12720,5,18,0,21,4
12719,5,18,0,66,11
12718,5,14,0,28,4
12717,5,14,0,44,7
12716,5,14,0,73,13
12701,4,11,15,0,0
12683,2,21,15,477,55
12677,2,15,3,32,5
12673,2,10,1,96,14
12668,2,8,4,25,4
12648,1,21,13,137,26
12646,1,20,0,217,33
12645,1,20,0,80,14
12624,1,20,16,35,6
12608,1,20,13,3,1
12596,1,20,6,110,15
12589,1,20,2,91,15
12579,1,19,5,52,5
12568,1,19,10,13,1
12567,1,19,4,15,3
12566,1,19,0,49,9
12564,1,19,0,61,10
12560,1,19,1,12,2
12548,1,19,11,80,13
12544,1,19,2,44,7
12537,1,19,8,63,9
12532,1,19,4,81,13
12530,1,19,6,164,19
12522,1,18,2,30,5
12515,1,18,5,70,5
12506,1,18,8,4,1
12505,1,18,0,119,20
12502,1,18,4,39,5
12499,1,18,2,51,8
12498,1,18,3,99,9
12494,1,17,1,313,43
12484,1,9,9,115,16
12482,6,12,0,33,6
12481,6,12,0,156,28
12473,4,19,5,10,2
12472,4,19,0,3,1
12470,4,19,0,15,3
12469,4,18,0,13,3
12467,4,18,0,20,4
12466,4,18,2,24,2
12465,4,17,0,28,1
12461,2,8,1,65,10
12460,2,8,0,41,7
12450,1,20,2,3,1
12448,1,19,10,169,27
12446,1,19,1,19,3
12444,1,19,0,7,1
12442,1,19,1,3,1
12431,1,19,6,62,5
12425,1,19,9,99,11
12423,1,19,1,24,3
12418,1,18,4,38,6
12409,1,18,4,8,1
12407,1,17,2,45,6
12403,1,17,1,27,6
12401,1,17,0,100,14
12400,1,17,3,111,15
12398,0,16,1,220,33
12396,6,16,0,73,14
12395,6,3,0,38,8
12393,5,19,0,122,23
12390,5,10,0,44,7
12389,5,9,0,29,6
12387,5,9,1,42,7
12386,5,8,2,21,4
12379,4,22,1,35,5
12377,4,20,0,27,4
12376,4,20,0,35,5
12375,4,19,1,99,17
12367,4,19,6,26,3
12362,4,19,2,35,7
12360,4,19,2,30,4
12355,4,19,3,3,1
12354,4,19,0,0,0
12352,4,18,1,23,4
12350,4,18,1,32,5
12349,4,17,0,14,2
12348,4,16,0,149,18
12347,4,16,0,148,25
12338,4,9,0,79,13
12336,4,8,1,87,15
12332,2,20,1,33,6
12331,2,14,0,57,11
12329,1,22,1,123,19
12328,1,20,0,86,13
12327,1,20,0,92,18
12325,1,20,1,21,3
12321,1,19,2,72,11
12315,1,18,0,0,0
12314,1,18,3,29,4
12312,1,18,3,46,7
12304,1,16,8,99,13
12303,6,20,0,2,1
12300,6,17,2,21,2
12299,6,11,0,26,2
12297,5,14,0,274,37
12296,5,12,0,157,16
12295,4,15,0,68,8
12294,4,15,0,39,6
12293,4,15,0,82,4
12288,4,10,1,106,15
12287,4,10,1,0,0
12286,4,10,0,821,110
12283,4,10,2,265,39
12282,4,10,0,472,72
12280,4,8,0,230,33
12279,4,8,0,259,35
12276,3,20,1,191,23
12275,3,19,1,0,0
12274,3,18,1,103,15
12273,3,18,0,164,19
12271,3,17,1,192,32
12270,3,17,0,141,19
12269,3,13,0,31,5
12268,3,12,0,59,9
12267,2,16,0,52,8
12265,2,15,1,43,8
12264,2,14,0,205,25
12263,2,10,0,27,4
12262,2,10,0,30,4
12261,2,10,0,30,4
12258,2,9,0,1048,163
12257,2,8,0,311,46
12252,1,22,3,56,6
12249,1,21,2,65,10
12247,1,21,0,68,11
12246,1,20,0,86,11
12244,1,20,1,211,33
12243,1,20,0,86,14
12241,1,20,0,5,1
12237,1,19,4,116,18
12233,1,19,4,70,8
12231,1,19,0,34,3
12230,1,19,0,89,14
12228,1,19,1,24,3
12225,1,18,0,0,0
12224,1,18,1,290,42
12222,1,18,0,25,5
12221,1,18,0,34,5
12219,1,18,0,25,4
12218,1,18,0,109,15
12215,1,17,3,44,6
12209,1,17,5,314,21
12205,1,12,0,340,47
12204,1,12,0,129,17
12196,3,14,7,90,15
12190,6,10,0,84,13
12185,5,21,7,32,5
12183,4,17,1,49,6
12179,3,22,2,683,96
12178,3,4,0,189,30
12177,1,15,0,194,28
12174,0,22,1,252,39
12173,0,22,3,197,30
12167,1,14,2,75,11
12163,0,23,5,26,5
12160,1,7,0,16,3
12156,6,16,0,20,3
12151,6,12,0,0,0
12144,6,8,8,71,13
12141,4,2,0,68,8
12140,3,13,0,0,0
12139,3,12,1,53,9
12137,3,11,0,0,0
12136,1,21,0,15,2
12132,1,18,1,0,0
12130,1,18,0,0,0
12129,1,17,1,30,6
12128,1,17,2,0,0
12126,1,17,2,0,0
12122,5,22,3,0,0
12117,5,19,0,32,4
12116,5,19,0,56,8
12112,5,18,2,21,4
12109,5,18,2,0,0
12106,5,18,0,0,0
12104,5,18,1,28,5
12103,5,18,0,46,9
12100,5,18,8,0,0
12099,5,18,0,38,7
12094,4,22,0,50,8
12093,4,13,0,45,8
12088,2,17,2,0,0
12087,2,17,0,0,0
12080,5,18,3,0,0
12074,5,4,6,696,96
12073,3,13,0,1,1
12071,2,13,1,66,10
12070,1,19,0,3,1
12069,0,22,0,8,2
12062,0,10,0,0,0
12056,0,9,7,0,0
12055,0,9,0,0,0
12054,0,9,0,28,5
12053,0,9,0,0,0
12044,4,2,5,125,21
12038,2,10,2,55,8
12033,2,2,3,21,4
12032,2,2,1,848,144
12031,2,2,0,15,1
12028,1,17,7,57,18
12026,1,17,1,65,11
12019,1,16,0,25,5
12017,1,15,0,54,10
12011,1,15,11,27,4
12010,1,14,0,54,8
12009,1,14,0,38,7
12006,1,14,0,452,64
12005,1,14,0,53,8
12004,1,14,1,183,10
12003,1,14,0,31,1
11995,6,3,2,0,0
11994,6,3,3,82,11
11992,3,20,1,3,1
11989,2,17,1,31,5
11988,2,17,0,17,4
11986,2,17,0,46,7
11985,2,17,1,47,8
11983,2,16,1,21,4
11981,2,16,0,89,15
11980,2,16,0,373,41
11974,2,2,1,135,24
11973,2,2,3,117,21
11972,2,2,0,16,4
11971,6,4,0,158,21
11970,6,4,0,72,11
11961,5,10,8,247,37
11952,1,1,2,15,3
11951,0,22,0,46,7
11950,0,22,3,69,11
11948,0,3,0,45,5
11947,6,17,0,10,1
11945,6,3,1,15,1
11939,5,19,3,210,35
11932,5,18,6,95,12
11931,5,18,0,30,6
11930,5,18,0,0,0
11929,5,18,0,0,0
11926,5,18,1,8,2
11925,5,17,1,27,5
11924,5,17,0,0,0
11923,5,17,0,0,0
11922,5,17,0,26,4
11920,5,17,1,0,0
11919,5,17,0,0,0
11918,5,16,0,14,2
11912,5,16,4,23,4
11908,5,15,0,296,31
11897,5,12,11,38,7
11890,2,18,5,230,38
11887,2,17,2,163,23
11874,2,3,13,94,13
11869,6,15,0,99,17
11867,6,15,0,0,0
11864,6,14,3,45,8
11863,6,14,0,51,10
11862,6,14,0,0,0
11861,6,13,0,177,10
11857,5,8,1,226,33
11855,5,8,0,52,8
11854,5,8,0,41,7
11850,5,3,1,100,15
11849,5,3,0,54,11
11848,5,3,0,461,66
11847,5,2,0,57,11
11842,4,17,0,0,0
11841,4,17,2,0,0
11835,4,12,10,0,0
11828,2,17,1,603,84
11819,1,13,6,32,7
11812,6,11,4,55,9
11810,5,18,2,117,19
11809,5,18,0,0,0
11808,5,17,1,28,4
11805,5,16,0,27,4
11798,5,10,6,58,9
11791,1,9,1,0,0
11785,6,4,6,33,8
11783,4,3,0,0,0
11781,3,3,3,348,46
11771,1,16,2,104,17
11770,1,16,2,66,10
11768,1,16,1,0,0
11767,1,16,1,0,0
11762,1,15,5,17,3
11760,1,15,2,0,0
11758,1,15,0,23,5
11747,1,14,0,0,0
11745,1,14,8,37,6
11743,1,14,1,21,3
11740,1,14,1,24,4
11739,1,14,1,68,12
11737,1,14,1,0,0
11734,1,14,2,34,4
11724,1,14,0,32,7
11721,1,14,18,15,2
11720,1,14,0,0,0
11719,1,13,0,0,0
11718,1,13,0,55,8
11716,0,12,0,0,0
11706,5,19,6,95,17
11689,4,12,1,68,9
11688,4,12,14,161,25
11680,6,16,3,0,0
11678,6,11,3,178,20
11673,5,16,4,84,13
11671,5,11,2,39,6
11668,5,10,1,80,12
11667,4,15,0,137,22
11665,4,3,0,45,8
11664,3,15,0,75,11
11661,1,6,0,652,96
11659,0,21,0,114,17
11655,0,19,0,36,6
11653,0,18,4,12,3
11649,6,12,3,0,0
11648,6,12,0,0,0
11646,5,20,0,2,1
11643,5,19,0,0,0
11641,5,19,0,12,2
11639,5,19,3,196,31
11636,4,10,2,0,0
11635,1,17,0,74,9
11634,1,14,0,22,3
11632,1,13,0,22,3
11630,0,12,0,0,0
11626,6,18,0,0,0
11624,6,11,0,0,0
11622,6,10,0,0,0
11618,6,10,0,0,0
11612,6,8,5,39,5
11610,6,7,0,0,0
11608,6,7,1,41,5
11605,6,5,1,0,0
11602,5,22,0,5,1
11596,5,22,0,30,5
11595,5,21,0,9,2
11594,5,21,0,27,5
11578,5,19,8,0,0
11577,5,19,0,9,1
11575,5,19,4,103,14
11573,5,19,0,75,11
11570,5,18,1,10,2
11567,5,18,3,4,2
11565,5,18,0,411,66
11560,5,18,3,95,14
11558,5,18,0,0,0
11551,5,18,5,41,7
11526,5,18,14,152,24
11488,5,17,45,115,18
11480,5,17,2,57,8
11476,5,17,3,137,22
11466,5,17,5,143,17
11457,5,17,6,95,13
11454,5,17,0,90,12
11451,5,17,1,21,3
11441,5,16,9,116,18
11433,5,16,5,56,9
11430,5,16,2,16,1
11428,5,16,0,20,1
11426,5,16,0,91,15
11414,5,16,6,69,12
11408,5,16,11,73,11
11398,5,16,11,21,3
11394,5,16,1,67,10
11388,5,16,1,10,1
11387,5,16,1,19,2
11386,5,16,0,53,9
11385,5,16,0,39,5
11383,5,15,0,27,4
11374,5,15,9,103,13
11372,5,15,0,23,3
11369,5,15,6,0,0
11357,5,7,7,70,10
11356,5,7,0,24,4
11351,4,18,2,10,2
11348,3,2,5,305,50
11347,2,18,0,99,15
11346,2,18,0,69,10
11344,2,15,1,65,12
11342,2,12,0,40,8
11341,1,13,0,132,24
11340,1,12,0,42,7
11337,1,11,0,39,7
11336,0,20,0,59,10
11335,0,11,0,935,148
11333,0,9,0,727,108
11332,0,8,0,75,13
11330,0,5,0,378,60
11329,0,5,2,51,9
11313,6,12,0,59,6
11309,6,11,10,270,44
11308,6,9,1,508,63
11306,5,23,0,27,5
11299,5,15,5,142,23
11287,5,14,10,33,3
11283,5,14,5,14,2
11279,5,14,3,118,14
11278,5,14,0,85,14
11277,5,14,0,1,1
11276,5,14,0,52,9
11274,5,14,0,112,18
11273,5,14,0,66,10
11268,5,14,4,0,0
11267,5,14,0,43,5
11266,5,14,0,7,2
11265,5,13,0,43,7
11264,5,13,0,89,16
11262,5,13,1,85,14
11261,5,13,0,14,2
11258,5,13,1,100,16
11256,5,13,1,191,31
11254,5,13,0,144,25
11253,5,13,1,85,7
11252,5,13,0,28,4
11251,5,12,0,214,24
11250,5,12,0,56,8
11249,5,11,0,38,6
11248,5,2,0,85,14
11243,4,3,1,12,2
11242,4,3,0,56,10
11241,4,3,0,60,11
11240,4,3,0,302,37
11239,4,3,0,447,77
11237,2,17,0,0,0
11228,2,3,0,81,11
11227,2,3,9,74,11
11226,2,2,1,0,0
11223,1,14,0,301,48
11219,1,13,1,57,9
11218,1,13,0,49,6
11203,1,2,17,52,9
11202,6,16,0,63,12
11198,5,17,0,12,2
11197,5,17,1,14,2
11193,5,15,6,512,71
11191,5,6,0,34,6
11183,3,9,6,29,6
11168,2,13,1,411,66
11166,2,13,0,27,5
11164,1,3,0,211,31
11163,1,3,5,393,45
11161,6,20,0,97,13
11158,6,5,0,140,22
11157,6,4,3,2818,418
11156,5,16,0,781,113
11155,5,14,0,174,25
11154,5,14,0,471,62
11153,5,14,0,1325,193
11152,5,13,0,12,2
11147,4,3,3,120,21
11146,4,3,0,101,16
11145,4,3,0,18,3
11144,4,3,0,95,19
11143,4,3,0,187,30
11140,3,18,1,0,0
11137,2,18,3,38,6
11136,2,18,0,394,59
11133,1,15,0,34,6
11132,0,3,0,0,0
11131,6,16,0,59,11
11126,6,13,0,214,32
11125,6,1,0,775,114
11118,5,15,4,39,7
11114,5,14,5,309,46
11113,4,22,0,226,31
11103,4,13,6,64,11
11101,4,13,0,73,11
11099,4,13,4,90,15
11098,4,13,0,53,8
11091,4,12,8,841,131
11087,3,15,2,214,30
11086,3,15,0,61,11
11084,3,3,0,56,10
11083,3,3,2,334,55
11082,3,3,0,59,9
11081,3,2,0,98,15
11078,1,16,2,322,52
11075,6,16,1,154,21
11069,1,3,2,124,19
11068,0,2,0,0,0
11066,5,17,1,0,0
11065,5,8,0,557,93
11064,5,8,0,160,30
11062,5,5,1,99,13
11061,5,5,1,44,8
11050,4,3,6,20,3
11049,4,3,1,148,21
11048,3,12,0,664,91
11047,3,11,0,18,4
11044,3,2,0,52,6
11043,3,2,0,756,102
11042,3,2,1,37,7
11035,6,3,2,16,2
11034,6,3,0,18,3
11031,5,15,2,625,80
11030,5,14,0,750,106
11023,4,2,1,44,8
11022,4,2,0,99,9
11015,3,12,4,25,5
11013,3,6,0,92,16
11012,2,23,0,174,26
11011,2,23,1,280,47
11009,2,7,2,374,50
11005,1,14,0,157,24
11004,1,14,0,114,17
11002,1,4,0,12,3
10994,0,8,7,2367,358
10993,0,3,2,55,10
10992,6,18,0,46,7
10991,6,18,0,158,27
10990,6,18,1,630,88
10989,6,18,0,37,5
10987,6,13,0,0,0
10981,5,22,3,59,11
10974,5,18,8,598,117
10973,5,17,1,261,39
10970,5,3,2,47,8
10967,4,7,2,19,3
10966,4,7,0,36,7
10961,3,3,3,36,6
10959,3,3,0,79,11
10955,2,14,1,15,3
10951,1,13,5,340,49
10947,1,4,3,268,46
10941,0,3,1,110,18
10940,0,3,0,248,36
10938,6,21,0,46,7
10933,6,14,3,25,5
10932,6,9,1,59,11
10928,6,7,0,24,5
10927,6,7,1,19,4
10926,6,6,0,17,2
10925,6,6,0,1384,203
10924,6,5,0,81,10
10923,6,5,1,52,9
10922,6,5,0,422,65
10921,6,5,0,239,33
10920,6,4,0,942,130
10919,6,4,0,31,4
10917,5,6,3,707,104
10916,5,6,0,72,13
10914,5,6,2,278,42
10913,5,5,0,0,0
10902,3,16,7,63,11
10897,3,16,2,2358,358
10896,3,16,5,1496,232
10890,2,2,1,0,0
10882,1,13,2,131,19
10877,1,3,4,499,73
10876,1,3,0,264,37
10875,1,3,0,17,3
10872,0,15,1,61,11
10871,0,15,2,454,68
10870,0,14,0,77,12
10869,0,14,0,71,11
10868,0,14,0,14,2
10864,5,15,0,103,16
10862,5,14,2,263,32
10861,5,13,0,394,62
10859,5,8,0,28,5
10857,5,7,2,44,7
10856,4,22,0,0,0
10855,4,17,0,37,7
10854,4,16,0,13,3
10853,4,16,0,128,18
10852,4,16,0,55,10
10849,4,16,0,25,4
10848,4,16,1,1213,183
10844,4,15,2,36,7
10843,4,15,1,95,12
10842,4,15,0,1,1
10841,4,15,0,67,9
10822,2,16,7,84,14
10819,2,15,11,50,7
10818,2,15,0,48,8
10817,2,15,0,126,21
10815,2,15,1,47,5
10814,2,15,0,23,5
10813,2,15,0,21,3
10812,2,15,0,90,13
10811,2,15,0,33,6
10810,2,14,0,28,4
10809,2,14,0,29,6
10807,2,13,1,444,53
10804,2,3,0,302,49
10796,1,15,6,0,0
10788,1,2,3,14,3
10786,6,16,0,44,8
10784,6,14,0,1052,157
10782,6,13,0,0,0
10781,6,12,0,0,0
10776,6,6,0,323,49
10775,6,5,0,44,8
10774,6,5,0,63,10
10773,6,5,0,61,8
10767,5,19,0,128,21
10760,5,19,0,328,56
10752,5,19,16,15,2
10751,5,18,0,159,26
10748,5,18,4,92,17
10747,5,18,1,28,4
10744,5,18,5,58,8
10741,5,18,4,34,4
10738,5,18,0,63,12
10736,5,18,1,63,8
10734,5,18,2,21,3
10733,5,18,0,23,3
10732,5,18,0,18,3
10731,5,18,0,79,13
10730,5,17,0,0,0
10728,5,17,0,79,11
10727,5,17,0,44,10
10725,5,17,1,76,13
10720,5,17,2,30,5
10719,5,17,0,0,0
10718,5,17,0,63,12
10717,5,17,0,21,3
10716,5,17,0,6,1
10714,5,16,1,49,6
10713,5,16,0,49,6
10709,5,16,3,435,63
10708,5,15,0,26,5
10704,5,6,0,22,5
10702,4,17,1,11,3
10701,4,17,1,56,10
10700,4,17,0,361,59
10698,4,16,1,500,68
10697,4,16,0,232,33
10696,4,2,0,333,53
10695,4,2,0,0,0
10693,3,17,1,1,1
10690,3,14,0,38,5
10687,3,13,0,0,0
10686,3,13,2,0,0
10685,3,3,0,27,5
10684,2,16,0,73,12
10683,2,16,0,59,10
10682,2,16,0,549,88
10670,1,18,1,18,3
10668,1,17,2,146,30
10667,1,17,0,448,67
10666,1,17,0,750,105
10665,1,16,0,16,3
10664,1,16,0,315,45
10663,1,15,0,84,11
10662,1,13,0,0,0
10658,1,6,2,52,8
10657,1,3,0,1856,259
10642,0,15,4,56,9
10641,0,15,0,55,10
10638,0,14,2,1440,219
10635,0,13,0,0,0
10627,6,17,0,8,1
10624,6,17,13,19,3
10623,6,17,5,30,4
10621,6,17,4,863,131
10617,6,17,0,0,0
10614,6,17,2,0,0
10612,6,17,6,56,9
10609,6,17,3,28,4
10599,5,19,2,74,15
10597,5,18,5,14,3
10596,5,18,0,62,8
10595,5,18,0,35,6
10593,5,17,1,15,2
10592,5,17,0,379,51
10589,5,17,1,955,130
10587,5,17,0,610,81
10585,5,16,4,387,36
10584,5,16,0,778,117
10580,4,14,2,444,78
10579,4,13,0,12,2
10578,4,13,0,45,8
10573,4,3,0,36,5
10570,3,17,0,223,34
10560,2,18,12,40,8
10559,2,18,1,82,15
10549,2,17,9,39,7
10548,2,17,0,24,4
10544,2,17,3,3,1
10541,2,17,2,7,2
10538,2,16,0,60,12
10537,2,16,1,13,2
10532,2,16,5,25,6
10530,2,16,1,34,6
10522,2,16,6,7,2
10519,2,16,4,19,2
10518,2,16,0,41,7
10517,2,16,0,454,50
10513,1,17,2,52,9
10510,1,3,0,621,87
10508,1,3,1,31,3
10505,0,15,1,265,31
10500,0,3,0,16,3
10499,0,3,0,119,20
10498,0,3,0,53,10
10497,0,3,0,3,1
10496,0,3,0,9,2
10493,6,6,1,45,6
10491,6,5,0,15,3
10490,6,5,0,679,114
10489,6,5,1,74,10
10479,5,15,0,26,4
10478,5,15,0,205,33
10474,5,14,6,0,0
10471,5,14,2,80,11
10470,5,14,0,15,3
10468,5,14,2,416,67
10467,5,14,0,11,2
10466,5,14,0,42,5
10465,5,13,0,0,0
10463,5,13,1,24,4
10459,5,13,2,0,0
10456,5,13,0,21,3
10454,5,12,3,30,4
10448,5,11,3,68,11
10447,5,11,0,390,47
10439,4,3,1,85,12
10438,4,3,0,60,12
10417,2,21,0,151,14
10393,2,16,0,24,5
10385,2,14,41,840,112
10374,1,20,1,367,47
10372,1,19,4,91,16
10370,1,19,3,693,96
10369,1,18,0,112,19
10368,1,18,1,174,17
10362,1,17,0,18,3
10361,1,17,4,626,99
10360,1,3,0,98,17
10359,1,3,0,637,80
10358,1,3,0,49,10
10353,0,8,0,33,5
10345,6,18,0,0,0
10343,6,18,9,118,22
10337,6,18,2,0,0
10336,6,18,4,18,3
10335,6,18,0,23,3
10334,6,18,0,119,20
10333,6,17,0,16,3
10332,6,17,3,66,11
10331,6,17,0,30,6
10329,6,17,0,20,4
10328,6,17,0,9,2
10327,6,17,0,45,9
10326,6,17,0,13,3
10325,6,17,0,30,3
10324,6,17,0,20,2
10323,6,17,0,11,2
10315,6,17,6,32,6
10314,6,16,0,68,12
10313,6,16,0,13,2
10312,6,16,0,0,0
10311,6,16,0,0,0
10310,6,16,0,47,8
10309,6,16,0,0,0
10308,6,16,0,21,2
10307,6,16,0,49,1
10305,6,12,1,462,64
10304,6,7,0,496,70
10303,6,7,0,423,64
10302,6,6,1,360,60
10301,6,6,0,244,40
10300,6,6,0,46,6
10299,6,6,0,1497,227
10297,5,11,2,0,0
10296,5,8,0,132,25
10295,5,8,0,609,102
10292,4,18,1,294,54
10290,4,16,2,31,5
10287,4,15,1,0,0
10285,4,15,1,784,109
10283,4,3,0,55,9
10282,4,3,0,71,15
10277,3,17,0,74,12
10271,3,16,5,57,13
10269,3,16,2,423,64
10268,3,3,0,256,39
10267,3,3,0,30,5
10266,3,2,1,18,2
10265,3,2,2,60,11
10262,1,16,2,0,0
10261,1,16,0,121,17
10260,1,16,0,1020,168
10259,1,15,0,315,48
10254,0,3,1,24,5
10253,0,3,0,32,6
10252,0,3,0,352,54
10251,0,3,2,26,4
10247,6,4,3,722,110
10243,5,15,0,41,6
10242,5,15,1,39,9
10241,5,15,0,50,8
10240,5,15,0,46,7
10239,5,15,0,11,2
10237,5,15,0,0,0
10236,5,15,1,16,3
10232,5,14,2,12,1
10227,5,5,2,64,8
10226,5,5,0,570,82
10224,5,4,4,191,30
10223,5,4,0,26,4
10221,4,20,2,114,20
10216,3,16,1,75,14
10215,3,16,0,130,19
10214,3,3,0,57,10
10213,3,3,0,209,31
10212,3,3,0,166,25
10211,3,2,0,325,46
10210,3,2,0,124,18
10199,2,3,8,920,139
10195,1,3,4,23,3
10191,0,17,2,224,37
10188,0,17,3,48,7
10184,6,16,0,96,17
10182,6,16,3,9,1
10181,6,15,0,341,50
10180,6,15,1,47,9
10175,6,6,2,38,6
10172,6,6,0,29,6
10171,6,6,0,2129,343
10170,5,19,0,13,2
10168,5,18,1,35,4
10164,5,18,1,0,0
10161,5,18,4,26,4
10159,5,17,1,53,8
10158,5,17,0,62,10
10157,5,17,0,21,3
10155,5,17,0,31,4
10154,5,17,0,0,0
10150,5,17,0,40,7
10149,5,17,4,307,37
10148,5,16,1,0,0
10145,5,12,2,0,0
10142,5,11,2,0,0
10141,5,11,0,114,15
10140,5,10,0,29,5
10138,4,17,0,32,6
10137,4,15,0,17,2
10136,4,15,0,44,6
10123,4,4,0,34,4
10116,3,14,4,314,44
10115,3,13,2,141,25
10108,3,5,4,317,46
10107,3,5,1,51,6
10100,2,21,5,23,4
10098,2,16,1,1061,152
10096,2,15,0,1305,175
10083,2,7,2,32,5
10081,2,7,2,624,102
10080,2,7,1,0,0
10079,2,6,0,805,129
10078,2,6,0,20,3
10077,2,6,0,37,6
10076,2,6,2,34,7
10074,2,5,0,103,15
10073,2,5,2,19,3
10071,1,12,0,132,20
10070,1,10,1,301,45
10068,1,10,0,768,131
10059,0,14,0,29,5
10058,0,12,1,29,6
10055,0,7,3,0,0
10052,0,6,0,34,5
10051,0,6,0,225,29
10048,0,6,3,0,0
10047,0,6,2,211,33
10046,0,5,0,277,39
10045,0,5,3,19,3
10043,6,16,0,38,5
10042,6,12,1,22,5
10041,6,12,0,70,11
10040,6,12,0,165,18
10034,6,9,0,27,4
10033,6,7,0,34,5
10031,6,6,0,383,69
10030,6,6,2,0,0
10028,6,6,0,20,4
10027,6,6,2,35,7
10024,6,5,3,1411,209
10023,6,5,0,14,2
10021,5,19,0,6,1
10018,5,17,0,26,5
10017,5,17,0,26,4
10015,5,17,2,46,9
10014,5,17,0,0,0
10013,5,17,0,86,16
10012,5,17,0,121,18
10011,5,17,0,44,7
10009,5,17,0,0,0
10008,5,17,0,63,11
10005,5,17,1,65,10
10004,5,17,1,0,0
10003,5,17,0,29,5
10000,5,16,1,20,4
9999,5,16,0,63,7
9997,5,16,1,19,4
9994,5,14,1,229,26
9993,5,14,0,162,23
9992,5,14,0,0,0
9988,5,4,9,337,46
9987,5,4,1,1330,197
9986,5,3,0,65,11
9985,5,3,1,135,21
9983,4,12,0,35,5
9973,4,4,0,0,0
9972,4,4,9,31,4
9971,4,3,0,584,84
9970,4,3,0,31,4
9969,4,3,0,125,17
9968,4,3,0,160,22
9967,4,2,0,0,0
9966,3,17,0,0,0
9965,3,17,0,0,0
9964,3,17,0,0,0
9963,3,17,0,704,98
9962,3,17,0,0,0
9961,3,3,0,96,15
9959,2,17,1,24,4
9958,2,16,0,30,5
9957,2,16,0,91,18
9955,2,16,0,98,16
9953,2,15,1,420,66
9952,2,15,0,0,0
9951,2,15,1,52,10
9950,2,15,0,0,0
9949,2,15,0,11,2
9948,2,15,0,0,0
9944,2,3,1,472,71
9943,2,3,0,0,0
9942,2,3,0,0,0
9940,2,2,3,101,16
9938,2,2,1,12,2
9934,1,15,0,83,14
9933,1,3,0,763,107
9932,1,3,0,25,5
9928,0,3,2,622,100
9927,0,3,0,0,0
9926,0,3,1,0,0
9925,0,3,0,118,16
9924,0,3,0,88,15
9922,0,3,0,64,11
9921,0,3,1,57,9
9920,0,3,0,22,4
9907,6,12,11,51,8
9906,6,10,0,0,0
9905,6,7,0,18,2
9904,6,7,0,63,9
9903,6,4,0,795,116
9902,6,3,0,0,0
9901,6,3,0,226,32
9900,6,1,1,0,0
9891,5,17,6,35,4
9888,5,17,1,0,0
9887,5,17,0,99,14
9886,5,17,0,12,2
9884,5,16,0,20,4
9883,5,16,0,11,2
9882,5,16,0,74,8
9881,5,16,0,17,4
9878,5,16,1,0,0
9877,5,16,1,126,22
9875,5,16,3,20,4
9874,5,16,0,36,4
9873,5,15,0,0,0
9872,5,15,0,91,14
9871,5,15,0,21,4
9870,5,15,0,0,0
9869,5,15,0,13,1
9868,5,15,0,127,18
9866,5,15,1,20,4
9865,5,15,0,62,10
9863,5,15,1,16,3
9862,5,13,0,436,50
9861,5,13,0,13,2
9860,5,6,0,27,4
9859,5,6,0,55,10
9858,5,5,0,546,81
9857,5,5,0,104,17
9855,4,3,1,680,100
9854,4,3,0,179,24
9853,4,2,0,26,4
9851,3,15,0,147,20
9847,3,3,0,0,0
9846,3,3,0,29,5
9845,3,3,0,0,0
9844,3,3,0,63,9
9843,3,3,2,51,8
9834,2,17,1,12,3
9831,2,17,4,13,3
9830,2,17,0,4,1
9829,2,17,0,0,0
9828,2,17,0,0,0
9827,2,17,0,0,0
9822,2,17,0,33,4
9821,2,17,0,51,7
9820,2,17,0,0,0
9818,2,17,0,0,0
9810,2,16,10,24,4
9809,2,16,0,0,0
9808,2,16,6,60,9
9807,2,16,0,0,0
9806,2,16,0,18,3
9805,2,16,0,0,0
9804,2,16,0,3,1
9803,2,16,0,27,4
9802,2,15,0,94,12
9801,2,15,0,363,44
9799,2,15,1,0,0
9798,2,15,0,0,0
9797,2,15,0,373,57
9794,2,14,2,125,23
9793,2,14,0,0,0
9792,2,14,0,22,3
9780,2,3,7,316,45
9776,2,3,0,0,0
9775,2,3,1,0,0
9774,2,3,1,373,46
9773,2,3,3,122,19
9772,2,3,1,180,22
9765,1,2,0,34,6
9764,0,15,1,399,70
9763,0,14,2,392,59
9761,0,14,3,0,0
9760,0,14,0,0,0
9759,0,14,0,23,3
9758,0,14,0,87,14
9756,0,2,0,27,6
9755,0,2,1,27,3
9754,0,2,0,36,6
9748,6,18,3,0,0
9745,6,17,1,431,52
9744,6,17,0,501,69
9743,6,17,0,104,18
9734,6,16,0,259,36
9732,6,16,0,16,2
9726,6,16,3,26,5
9722,6,15,14,0,0
9716,6,14,4,643,90
9714,6,10,0,0,0
9705,6,6,6,30,3
9704,6,6,0,74,11
9703,6,5,0,184,31
9701,6,4,0,50,8
9700,6,4,1,56,11
9699,6,3,0,30,4
9694,5,15,2,48,1
9692,5,15,3,7,1
9691,5,15,0,191,20
9690,5,15,0,9,2
9689,5,15,0,109,13
9687,5,14,1,638,92
9686,5,13,0,18,2
9684,5,13,1,13,2
9682,5,13,0,658,97
9678,5,12,2,57,11
9677,5,12,2,24,5
9676,5,12,0,0,0
9674,5,12,1,3,1
9671,5,12,1,0,0
9670,5,12,0,21,3
9669,5,11,0,55,10
9667,5,11,1,97,17
9666,5,11,0,12,2
9665,5,11,0,0,0
9663,5,11,2,49,4
9662,5,11,0,19,3
9661,5,11,0,28,5
9660,5,11,0,39,6
9659,5,11,0,0,0
9658,5,10,0,56,10
9657,5,10,0,286,40
9654,5,7,2,55,10
9653,5,7,0,0,0
9652,5,6,0,51,7
9651,5,5,0,34,5
9650,5,5,0,38,5
9649,5,5,0,26,5
9648,5,5,0,34,5
9647,5,5,0,438,71
9646,5,4,0,57,7
9645,4,2,0,60,10
9644,4,2,0,67,9
9643,4,2,0,96,15
9642,4,2,0,282,38
9641,4,2,0,0,0
9639,3,11,0,0,0
9637,2,3,0,460,79
9636,2,3,0,31,4
9635,1,15,0,88,14
9634,1,14,0,16,2
9633,1,14,0,149,22
9632,1,14,0,33,6
9631,1,3,0,27,3
9630,1,2,0,96,12
9629,1,2,0,192,34
9628,1,2,0,402,63
9626,6,18,0,146,22
9625,6,18,1,23,4
9624,6,18,0,318,47
9623,6,17,0,286,54
9622,6,17,0,285,44
9618,6,10,3,0,0
9617,6,10,0,33,5
9616,6,10,0,25,4
9615,6,7,0,35,4
9614,6,7,0,443,66
9613,6,7,0,402,56
9608,5,7,1,32,5
9606,5,7,4,2098,288
9605,5,6,0,2434,348
9604,5,3,0,0,0
9597,3,20,7,27,5
9583,3,18,10,64,10
9574,3,15,8,383,51
9573,3,14,0,819,123
9572,3,14,0,618,86
9564,3,3,0,274,41
9562,3,3,9,1511,209
9561,2,15,0,39,7
9552,2,3,0,31,4
9551,1,16,0,87,17
9550,1,16,0,265,40
9549,1,16,0,33,4
9548,1,3,0,15,2
9546,1,3,0,30,5
9545,1,3,0,325,41
9544,0,16,0,64,9
9540,6,7,0,949,142
9539,6,7,0,141,21
9538,6,6,0,0,0
9537,6,6,1,18,4
9536,6,6,0,59,7
9535,6,6,0,87,15
9531,5,16,0,95,17
9529,5,15,2,45,8
9527,5,15,2,74,11
9526,5,15,0,0,0
9525,5,15,0,0,0
9524,5,15,0,35,8
9521,5,15,2,49,10
9520,5,15,0,12,3
9519,5,14,0,0,0
9517,5,14,0,58,10
9516,5,14,0,0,0
9515,5,14,1,0,0
9512,5,7,0,17,2
9511,5,7,0,23,4
9508,5,5,4,32,4
9507,5,5,0,384,60
9506,5,4,0,32,3
9505,5,4,0,654,109
9504,5,4,0,598,86
9503,5,3,0,83,13
9502,5,3,0,72,12
9501,5,3,0,0,0
9500,4,3,0,276,38
9498,3,3,0,150,22
9497,3,3,1,137,23
9496,3,3,0,0,0
9495,3,3,0,26,3
9494,3,3,0,0,0
9493,2,3,0,50,7
9492,1,3,0,576,80
9491,1,2,0,39,9
9490,1,2,0,53,10
9485,0,2,1,19,3
9484,0,2,2,58,9
9482,0,2,2,53,8
9481,0,2,0,66,13
9480,0,2,0,34,6
9479,6,5,0,88,16
9478,6,3,0,108,14
9472,5,18,4,12,3
9471,5,17,1,46,8
9468,5,17,2,46,5
9467,5,17,0,15,2
9459,5,17,1,14,2
9458,5,17,0,55,9
9457,5,17,0,0,0
9456,5,16,0,207,35
9455,5,16,0,10,2
9454,5,16,0,8,1
9452,5,16,0,9,2
9450,5,16,2,0,0
9448,5,16,1,22,3
9435,5,15,0,460,49
9429,5,15,23,25,4
9428,5,15,0,0,0
9419,4,3,6,94,14
9418,4,3,2,16,3
9417,4,3,0,0,0
9416,4,3,0,68,13
9412,3,2,0,13,2
9411,3,2,2,44,7
9406,2,3,0,244,39
9404,2,2,0,5,1
9402,2,2,4,44,7
9400,1,2,0,519,63
9399,1,2,0,44,7
9397,0,3,0,725,112
9396,0,2,2,0,0
9395,0,2,0,26,4
9394,0,2,1,121,18
9393,0,2,0,0,0
9392,0,2,0,0,0
9391,0,2,0,44,7
9388,5,11,1,36,5
9387,4,19,0,0,0
9386,4,19,0,0,0
9385,4,18,0,96,19
9383,4,18,0,12,2
9382,4,18,0,0,0
9381,4,18,0,0,0
9380,4,17,0,0,0
9379,4,17,0,32,6
9378,4,17,0,0,0
9377,4,17,0,11,2
9375,4,17,1,17,3
9374,4,17,0,120,29
9373,4,17,0,0,0
9372,4,17,0,115,19
9371,4,17,0,545,79
9370,4,16,0,104,13
9369,4,16,0,27,4
9368,4,16,0,21,3
9367,4,16,0,0,0
9366,4,16,0,14,2
9365,4,16,0,17,3
9363,4,16,0,15,4
9362,4,16,1,281,33
9361,4,16,0,54,7
9359,3,16,0,103,14
9357,1,11,0,191,23
9355,6,19,0,0,0
9349,6,12,0,1,1
9348,6,10,0,0,0
9347,6,10,0,33,5
9345,6,7,0,0,0
9344,6,7,0,0,0
9343,6,6,0,65,10
9342,6,6,1,1084,143
9339,5,20,0,19,3
9335,5,20,0,30,4
9332,5,18,0,0,0
9330,5,18,0,22,3
9324,5,18,7,0,0
9320,5,18,0,0,0
9316,5,18,1,0,0
9306,5,17,17,55,7
9305,5,17,0,0,0
9301,5,17,2,125,22
9278,5,17,20,17,3
9276,5,17,0,0,0
9274,5,17,5,39,5
9272,5,17,1,76,14
9264,5,16,3,87,15
9258,5,16,6,316,40
9255,5,16,4,21,5
9244,5,16,6,0,0
9240,5,16,3,0,0
9238,5,16,1,0,0
9235,5,16,5,49,5
9219,5,9,5,6,1
9218,5,9,0,754,118
9217,5,9,0,0,0
9212,4,17,5,0,0
9209,4,10,3,0,0
9201,3,16,2,1184,170
9198,3,11,8,15,4
9195,2,17,0,37,8
9194,2,15,0,1408,207
9193,2,15,1,14,3
9190,1,14,0,245,45
9189,1,13,0,0,0
9186,6,13,0,0,0
9185,6,12,2,0,0
9184,6,9,0,132,21
9183,6,8,0,682,104
9182,5,11,0,31,7
9178,3,3,0,31,5
9176,2,2,2,63,10
9175,2,2,0,25,5
9169,1,15,3,187,30
9168,1,14,0,73,10
9167,1,2,0,21,4
9166,0,18,0,0,0
9164,0,4,3,68,8
9161,0,4,2,86,16
9160,0,4,0,22,5
9159,0,4,0,40,6
9158,0,3,0,40,6
9154,6,19,3,127,25
9153,6,19,0,147,22
9152,6,19,0,12,2
9150,6,18,0,0,0
9148,6,18,1,34,6
9145,6,18,0,0,0
9140,6,18,4,30,5
9139,6,18,0,0,0
9138,6,17,0,0,0
9136,6,14,0,67,6
9134,6,14,1,372,41
9132,6,5,0,208,35
9131,6,4,0,94,14
9128,5,3,2,542,88
9127,4,16,0,0,0
9125,4,16,0,40,7
9124,4,16,0,325,41
9119,4,4,1,32,6
9118,4,3,4,406,55
9115,3,11,2,163,23
9112,2,6,0,442,69
9111,2,5,0,52,6
9109,1,10,1,1050,168
9105,1,8,4,17,4
9100,0,6,0,24,4
9098,0,5,2,191,27
9097,0,5,1,0,0
9095,0,5,0,52,8
9094,0,5,2,124,21
9093,6,19,0,0,0
9090,6,19,1,0,0
9088,6,18,0,0,0
9087,6,18,1,15,2
9086,6,18,0,0,0
9085,6,18,0,0,0
9084,6,18,0,0,0
9083,6,18,0,0,0
9082,6,18,1,0,0
9081,6,18,0,59,6
9079,6,18,0,0,0
9077,6,18,2,18,4
9068,6,17,0,0,0
9067,6,17,7,0,0
9064,6,16,1,370,45
9062,6,11,1,431,61
9060,6,6,1,398,50
9041,5,13,18,147,23
9039,5,7,1,137,19
9038,5,6,0,36,6
9035,4,15,0,36,6
9034,4,5,0,602,93
9033,3,20,1,0,0
9031,3,5,0,295,55
9030,2,13,0,0,0
9025,2,8,4,912,131
9021,1,10,3,338,51
9018,0,13,0,42,7
9016,0,13,2,290,38
9015,0,12,0,28,4
9013,0,11,1,104,15
9012,0,8,0,0,0
9011,0,7,0,114,16
9010,0,7,0,54,10
9007,6,19,2,0,0
9005,6,17,0,0,0
9004,6,17,0,0,0
9002,6,17,0,0,0
9001,6,17,2,0,0
9000,6,16,0,10,2
8998,6,16,1,0,0
8996,6,16,0,548,71
8994,6,15,1,0,0
8987,6,15,0,389,47
8986,6,14,0,816,158
8985,6,14,0,111,18
8984,6,5,0,119,17
8980,5,8,1,731,102
8979,5,7,2,596,87
8977,4,12,0,0,0
8972,4,5,0,1441,223
8969,4,3,2,32,4
8968,4,2,0,371,70
8965,3,14,1,42,5
8963,3,10,2,0,0
8958,3,2,0,0,0
8957,3,2,0,35,5
8956,3,2,3,52,6
8949,2,18,1,77,12
8941,2,18,12,68,11
8938,2,18,1,0,0
8934,2,17,5,27,4
8933,2,17,0,48,8
8930,2,17,1,187,11
8923,1,9,6,12,2
8922,1,9,0,94,17
8921,1,5,0,49,7
8920,1,4,0,53,6
8919,0,15,0,0,0
8918,0,13,0,262,38
8917,0,12,0,192,34
8916,0,12,1,97,12
8914,0,5,0,51,8
8913,0,5,0,0,0
8912,0,4,1,0,0
8910,6,18,0,34,6
8905,6,18,2,49,10
8903,6,18,3,0,0
8902,6,17,0,55,8
8900,6,16,1,57,10
8894,6,15,5,137,12
8891,6,3,1,798,117
8888,5,8,1,24,3
8887,5,7,0,924,132
8886,5,5,0,250,35
8884,5,4,1,54,9
8883,4,15,0,380,53
8881,4,11,0,7,1
8879,4,10,0,13,3
8876,4,9,5,31,7
8875,4,6,0,0,0
8874,4,5,0,459,61
8873,4,5,0,1528,244
8872,3,20,0,0,0
8871,3,20,0,48,7
8870,3,14,0,131,21
8868,3,11,0,556,91
8867,3,10,0,268,35
8866,3,10,0,1158,167
8865,2,20,0,0,0
8864,2,5,0,2821,372
8860,2,4,3,556,73
8858,0,20,0,108,16
8855,0,20,3,51,6
8852,0,6,0,238,31
8849,0,6,2,27,4
8845,6,14,2,70,8
8843,6,14,3,61,7
8840,5,13,0,1154,175
8838,5,7,0,0,0
8837,5,7,1,81,15
8836,5,7,0,428,59
8835,5,6,0,122,18
8832,4,20,2,28,5
8827,4,12,3,0,0
8825,4,4,2,214,41
8824,4,4,0,467,61
8822,3,6,1,33,5
8821,2,20,0,8,1
8817,2,4,0,0,0
8814,2,3,4,57,10
8810,1,16,1,70,12
8809,1,15,2,424,65
8808,1,3,0,57,10
8807,0,17,0,0,0
8801,0,7,0,359,50
8800,0,6,0,13,2
8799,0,6,1,286,44
8797,0,6,0,91,13
8792,0,4,5,55,9
8791,6,22,0,261,33
8790,6,19,0,0,0
8788,6,16,3,88,12
8787,6,14,0,0,0
8785,6,7,0,0,0
8784,6,5,0,31,4
8781,5,11,1,111,13
8778,5,4,0,118,19
8777,5,4,2,0,0
8775,4,16,0,0,0
8774,4,14,0,1466,227
8772,4,14,1,85,16
8771,4,14,1,164,20
8769,4,3,0,242,35
8767,4,3,2,55,9
8766,3,15,0,97,12
8765,3,13,0,67,8
8762,3,9,1,35,4
8761,3,9,0,494,65
8758,2,23,1,67,10
8757,2,22,0,287,41
8756,2,22,0,851,124
8755,2,22,0,157,22
8753,2,22,2,0,0
8751,2,9,0,57,8
8749,2,5,0,37,6
8748,2,3,0,55,9
8742,1,15,7,1,1
8740,1,10,0,410,60
8739,1,10,1,456,63
8736,1,2,2,55,9
8735,0,17,0,45,8
8734,0,15,0,38,3
8733,0,9,0,42,8
8732,0,5,0,873,130
8731,0,4,0,14,3
8730,0,4,0,27,4
8729,6,17,0,0,0
8728,6,17,0,0,0
8727,6,17,0,0,0
8726,6,17,0,23,3
8718,6,16,0,0,0
8708,6,15,13,308,36
8707,6,10,0,81,11
8702,6,10,2,31,5
8701,6,2,0,103,15
8700,6,2,0,351,66
8689,5,20,10,44,6
8681,4,20,5,763,117
8670,4,18,0,26,5
8667,4,18,7,103,16
8659,4,16,7,34,5
8658,4,16,0,963,102
8656,4,13,0,63,12
8653,4,12,2,61,8
8652,4,7,0,219,34
8650,4,6,0,356,60
8648,4,3,4,95,17
8646,3,18,1,329,57
8645,3,16,0,0,0
8641,3,3,0,2045,309
8640,3,3,2,55,9
8631,2,18,6,49,8
8629,2,14,4,121,17
8628,2,14,0,380,46
8627,2,13,0,54,9
8620,2,6,3,744,117
8617,2,5,0,59,14
8616,2,5,6,60,12
8614,2,5,1,19,2
8612,2,2,0,427,68
8611,2,1,1,21,3
8605,1,13,5,2004,334
8603,1,11,1,0,0
8602,1,5,0,598,92
8600,0,10,0,34,4
8597,0,2,0,29,5
8593,6,23,5,763,112
8590,6,17,0,61,8
8588,6,13,1,217,33
8579,6,5,0,0,0
8578,6,5,4,21,3
8577,6,3,3,79,13
8575,5,15,0,120,15
8574,5,15,0,438,72
8573,5,15,0,15,2
8572,5,12,0,20,3
8569,5,10,1,40,8
8568,5,10,0,30,6
8562,5,2,0,474,65
8546,4,12,0,523,80
8544,4,11,0,24,2
8543,4,1,0,24,3
8542,4,0,0,8,2
8541,3,22,0,134,25
8540,3,16,0,0,0
8539,3,16,0,0,0
8538,3,16,0,60,10
8537,3,16,0,0,0
8407,3,13,1,7,1
8404,3,13,1,75,5
8400,3,13,1,22,4
8396,3,12,3,598,77
8395,3,11,0,811,106
8392,3,10,0,0,0
8383,3,6,6,52,7
8382,3,6,0,1210,179
8347,2,16,23,13,3
8326,1,20,5,29,4
8325,1,19,0,26,5
8321,1,14,1,1719,248
8317,1,12,2,39,5
8316,0,21,0,0,0
8288,4,19,2,44,8
8287,4,17,3,0,0
8286,4,17,2,286,50
8283,4,10,1,0,0
8281,4,8,0,0,0
8280,4,8,0,0,0
8279,4,0,0,16,2
8278,3,20,0,66,9
8277,3,20,0,69,11
8276,3,20,0,254,41
8261,3,20,0,41,9
8259,3,20,5,134,22
8243,3,20,6,3,1
8240,3,19,0,59,10
8229,3,19,1,21,3
8214,3,19,0,179,32
8194,3,19,1,154,15
8192,3,19,0,77,13
8183,3,19,13,51,9
8182,3,19,5,15,3
8181,3,19,2,44,6
8180,3,19,0,116,17
8177,3,19,0,130,21
8176,3,19,0,84,15
8174,3,19,0,61,11
8173,3,19,0,19,3
8166,3,19,3,110,18
8162,3,18,2,57,9
8161,3,18,0,42,6
8160,3,18,1,67,10
8158,3,18,0,23,3
8156,3,18,0,32,5
8155,3,18,0,23,4
8154,3,18,0,27,4
8152,3,18,7,62,9
8138,3,15,0,0,0
8134,3,12,3,775,109
8133,3,12,0,778,106
8131,3,12,0,45,6
8126,3,12,6,155,20
8124,3,10,0,0,0
8123,3,10,0,0,0
8120,3,10,6,264,42
8119,3,9,1,101,17
8114,2,14,0,52,8
8113,2,9,2,126,21
8108,1,13,3,0,0
8100,4,20,0,39,6
8089,3,19,6,139,25
8048,0,15,30,145,25
8044,6,14,2,0,0
8043,6,11,0,36,6
8042,6,8,0,35,5
8038,5,20,0,6,1
8036,5,20,4,1,1
8032,5,10,0,48,5
8030,5,8,4,49,9
8029,5,8,0,12,2
8027,5,8,4,10,3
8022,4,17,4,2,1
8020,4,13,0,1,1
8015,3,21,5,108,11
8009,3,14,4,1,1
8008,3,14,0,0,0
8004,2,20,2,158,25
8003,2,12,0,0,0
8001,2,10,0,184,32
8000,2,10,0,99,16
7997,2,10,2,0,0
7996,2,9,0,0,0
7994,1,21,1,53,7
7990,0,21,0,159,26
7988,4,14,0,0,0
7987,3,18,0,12,2
7986,3,13,0,13,3
7985,3,9,1,36,6
7984,2,20,0,2,1
7981,1,19,2,27,4
7980,1,19,0,89,15
7979,1,17,0,109,15
7976,0,17,0,65,8
7971,4,8,0,109,18
7968,4,8,0,33,5
7965,3,18,1,57,9
7962,3,18,0,140,19
7961,3,18,2,92,15
7960,3,17,0,331,51
7958,3,14,0,89,12
7957,3,14,0,219,32
7956,3,14,0,285,40
7955,3,11,0,0,0
7953,2,17,0,80,15
7951,2,13,1,0,0
7949,2,11,1,21,2
7948,2,10,0,0,0
7945,1,23,1,234,36
7944,1,20,0,188,22
7940,1,16,1,1064,158
7932,1,16,3,380,60
7922,0,17,3,96,14
7921,0,17,1,50,5
7919,6,20,4,71,10
7914,6,17,0,80,12
7912,6,13,0,44,6
7906,4,12,6,50,7
7905,4,10,1,50,6
7897,2,17,1,35,5
7896,2,7,0,12,2
7892,0,21,1,83,11
7889,6,18,3,66,8
7882,1,13,6,98,11
7876,6,6,2,12,2
7873,5,18,2,3,1
7872,5,18,0,0,0
7871,5,16,0,193,32
7862,0,13,5,107,15
7857,0,12,7,364,58
7854,6,14,1,62,12
7852,0,19,0,201,30
7850,6,16,0,83,12
7849,6,15,0,87,13
7848,6,15,0,62,9
7846,6,15,1,82,6
7844,6,13,0,120,17
7839,2,18,1,0,0
7833,2,16,5,119,20
7830,2,12,0,89,16
7825,0,17,0,77,10
7824,0,10,0,12,2
7820,6,16,0,52,4
7818,6,14,3,53,9
7817,6,14,0,53,9
7816,6,14,1,39,5
7815,6,14,1,7,1
7814,6,14,0,0,0
7797,5,18,6,90,16
7795,5,18,3,66,10
7794,5,18,0,18,3
7791,5,18,0,58,10
7789,5,18,2,101,17
7787,5,18,0,16,2
7784,5,18,9,20,3
7782,5,18,1,138,21
7780,5,18,1,81,12
7779,5,18,0,75,11
7775,5,17,5,17,2
7767,5,17,1,21,3
7764,5,17,6,30,5
7763,5,17,0,0,0
7759,5,17,5,54,9
7757,5,17,1,97,16
7754,5,17,0,48,8
7753,5,17,0,65,11
7752,5,17,0,0,0
7751,5,16,0,32,5
7750,5,16,0,0,0
7746,5,16,4,0,0
7745,5,16,0,97,13
7741,5,16,3,86,9
7740,5,16,0,9,1
7738,5,16,0,44,7
7732,5,16,0,84,14
7730,5,16,1,16,3
7729,5,16,0,30,4
7728,5,16,0,109,17
7714,5,16,0,87,13
7710,5,16,10,0,0
7706,5,16,0,27,5
7703,5,16,0,67,9
7702,5,16,0,61,10
7700,5,16,1,148,14
7695,5,16,1,0,0
7691,5,16,1,71,11
7686,5,16,4,329,22
7683,5,16,1,61,9
7673,5,16,0,0,0
7666,5,15,21,53,9
7664,5,15,0,32,5
7656,5,15,2,10,2
7652,5,15,3,121,20
7651,5,15,5,358,46
7642,5,11,3,22,3
7641,5,11,0,79,11
7637,5,10,5,0,0
7631,5,8,8,12,2
7609,1,11,4,48,8
7599,0,13,19,114,20
7590,5,13,7,16,2
7588,4,15,0,0,0
7585,2,9,0,0,0
7584,1,12,0,0,0
7580,6,21,4,45,6
7579,6,17,0,64,13
7577,6,12,0,26,4
7574,5,23,0,13,2
7558,5,21,10,16,2
7551,4,22,2,44,9
7549,4,21,1,208,25
7546,4,11,0,0,0
7545,4,9,0,58,8
7543,3,17,0,14,2
7541,3,17,3,47,8
7538,3,16,1,7,2
7534,3,16,4,30,6
7533,3,15,0,64,13
7531,3,15,0,49,8
7529,3,15,1,52,6
7527,3,9,2,286,46
7526,2,15,0,0,0
7523,1,15,1,61,13
7520,0,23,1,0,0
7518,0,4,1,83,11
7513,6,20,4,0,0
7508,5,22,4,0,0
7505,5,20,0,0,0
7499,5,20,2,128,21
7497,5,19,5,61,11
7495,5,14,0,27,3
7486,2,21,5,0,0
7484,1,8,2,17,3
7462,0,18,20,14,2
7461,6,13,0,210,28
7459,5,20,0,14,2
7457,5,19,2,53,7
7456,5,18,0,60,6
7455,3,13,0,128,21
7452,0,17,0,24,3
7446,5,18,1,80,16
7440,5,13,6,32,5
7439,4,21,0,53,10
7438,4,21,0,50,9
7436,3,20,1,112,16
7432,3,18,3,50,7
7430,3,14,2,49,6
7428,2,20,2,26,3
7427,1,22,0,53,9
7426,1,22,0,29,6
7425,1,22,0,68,10
7423,0,14,0,207,29
7421,6,16,0,95,10
7417,5,21,1,7,1
7414,5,20,0,210,26
7413,5,19,4,32,4
7411,5,19,0,89,17
7409,5,19,1,146,23
7403,4,20,0,7,1
7400,4,20,5,0,0
7396,4,16,3,129,18
7394,4,13,0,1,1
7390,3,15,3,76,14
7380,2,18,9,53,8
7372,2,10,6,190,27
7366,1,8,0,28,4
7365,1,8,1,27,6
7339,3,12,20,83,16
7334,2,15,0,34,6
7333,2,15,0,0,0
7332,2,15,0,29,5
7324,0,17,0,42,7
7320,0,16,1,70,13
7316,3,17,3,68,12
7312,6,19,0,33,4
7308,5,18,2,116,18
7305,5,7,2,43,6
7301,4,20,0,0,0
7299,4,17,0,0,0
7293,5,17,0,0,0
7282,5,15,7,48,6
7281,5,14,0,103,17
7280,4,16,0,0,0
7278,6,19,0,249,32
7277,5,12,0,0,0
7273,2,15,3,55,6
7271,0,13,1,0,0
7270,0,13,0,0,0
7268,4,19,1,0,0
7265,2,18,0,199,29
7264,2,12,2,72,9
7261,3,7,0,707,91
7251,3,7,0,32,5
7247,2,14,0,11,2
7246,1,21,0,0,0
7244,0,19,0,26,3
7243,0,19,0,57,8
7236,5,14,0,88,13
7231,4,21,5,163,22
7230,4,20,0,54,8
7229,4,19,1,73,10
7228,4,11,0,0,0
7225,2,7,1,0,0
7219,6,13,3,27,5
7217,6,13,0,0,0
7216,6,12,0,74,14
7213,6,12,2,56,9
7212,5,19,0,0,0
7211,5,14,1,0,0
7206,3,21,0,0,0
7201,1,10,0,114,17
7192,0,9,15,0,0
7191,6,15,0,1,1
7190,6,15,0,38,7
7189,6,14,0,0,0
7173,5,18,10,112,20
7171,5,18,1,18,3
7170,5,18,0,58,5
7167,5,18,2,79,14
7164,5,18,1,26,4
7163,5,18,2,14,3
7162,5,18,0,13,2
7159,5,18,2,51,7
7157,5,18,1,49,8
7156,5,18,0,32,6
7153,5,18,2,12,2
7152,5,17,0,21,3
7150,5,17,0,40,8
7146,5,17,1,68,10
7145,5,17,0,0,0
7144,5,17,0,9,2
7143,5,17,0,88,15
7142,5,17,0,48,8
7141,5,17,0,96,13
7139,5,17,0,40,6
7138,5,16,0,29,4
7137,5,16,1,101,12
7136,5,15,0,51,8
7135,5,15,0,61,9
7134,5,14,0,11,2
7133,5,13,0,106,19
7128,4,9,0,72,10
7126,3,23,2,13,2
7125,3,21,0,18,3
7124,3,21,0,66,10
7123,3,21,0,87,12
7122,3,21,0,31,7
7121,3,20,0,10,1
7117,2,16,0,70,9
7109,1,17,3,40,6
7103,0,20,9,96,16
7102,0,20,0,35,6
7100,0,12,0,82,12
7099,0,12,0,35,5
7098,0,12,1,51,11
7097,0,12,1,13,2
7096,0,6,0,33,5
7093,6,20,0,29,7
7087,6,10,0,0,0
7081,5,16,0,31,6
7078,5,14,0,0,0
7077,5,14,0,24,3
7076,5,13,1,427,61
7073,5,13,2,3,1
7020,4,22,22,174,26
7019,4,18,4,10,1
7015,4,12,0,13,2
7011,1,18,2,49,8
7004,1,18,5,61,10
7003,1,11,0,77,14
6997,0,15,1,0,0
6996,0,15,0,148,28
6994,0,14,1,153,24
6992,0,14,1,104,16
6991,0,14,3,53,9
6988,0,6,2,0,0
6987,6,20,0,0,0
6985,5,18,0,17,2
6984,5,18,0,0,0
6981,5,18,2,69,9
6978,2,18,0,87,18
6975,2,18,4,60,8
6973,2,18,0,281,41
6963,1,22,0,38,5
6962,1,22,0,27,6
6955,1,11,3,245,35
6952,0,17,1,17,2
6951,0,14,0,0,0
6950,0,10,0,97,17
6938,6,17,9,121,13
6936,6,16,0,33,4
6935,6,14,0,964,156
6934,6,13,0,85,12
6933,6,13,0,66,10
6932,6,13,0,40,8
6931,6,13,0,156,20
6930,6,13,0,134,21
6927,6,8,1,57,10
6925,5,22,0,63,12
6924,5,22,0,13,2
6923,5,20,0,44,10
6922,5,20,0,43,5
6921,5,20,0,284,40
6920,5,19,0,223,29
6918,5,18,1,401,56
6897,5,16,3,147,19
6894,5,16,0,21,4
6893,5,13,0,57,7
6892,5,11,0,31,5
6889,4,21,1,0,0
6888,4,20,0,6,1
6887,4,19,0,161,20
6886,4,19,0,0,0
6885,4,19,0,107,14
6884,4,19,0,54,8
6881,4,18,2,44,7
6880,4,18,0,54,8
6876,4,18,3,22,3
6871,4,17,4,113,17
6870,4,16,0,0,0
6869,4,15,0,13,2
6868,4,14,0,2,1
6867,4,10,0,121,19
6865,4,9,1,12,2
6859,3,20,0,35,6
6857,3,20,1,0,0
6856,3,20,0,64,9
6851,3,20,6,1,1
6849,3,20,0,0,0
6846,3,20,0,9,1
6842,3,13,0,0,0
6841,3,12,0,39,6
6840,3,12,0,87,14
6839,3,12,0,0,0
6835,2,19,0,85,13
6834,2,19,0,17,2
6833,2,19,2,24,4
6832,2,19,1,2,1
6825,2,9,4,38,7
6824,2,9,0,22,5
6822,1,18,0,16,2
6821,1,18,0,21,5
6818,1,18,0,28,3
6817,1,17,0,12,2
6813,1,9,1,40,8
6810,0,17,2,33,4
6803,0,17,6,64,8
6802,0,16,0,32,4
6801,0,16,0,74,9
6800,0,16,1,10,2
6798,0,16,3,15,3
6797,0,15,0,14,2
6794,6,23,1,0,0
6793,6,13,0,52,9
6777,4,9,0,8,2
6776,4,9,0,107,20
6773,4,8,3,0,0
6769,3,14,1,141,21
6766,3,12,5,96,15
6765,2,23,0,54,9
6760,1,19,4,0,0
6759,1,13,0,119,16
6757,0,18,0,17,2
6756,0,12,0,117,17
6755,0,11,0,41,8
6749,6,17,5,2,1
6746,6,15,3,98,13
6743,6,8,0,0,0
6741,5,19,0,0,0
6739,5,18,2,229,41
6735,5,17,3,59,11
6734,5,17,0,10,1
6733,5,17,0,93,17
6728,4,19,0,118,18
6725,4,19,4,764,106
6722,4,15,1,0,0
6720,4,14,0,454,63
6717,4,9,0,0,0
6711,4,9,8,986,136
6706,3,17,5,74,13
6705,3,17,0,0,0
6699,3,14,2,22,4
6696,2,16,0,21,3
6693,2,14,3,31,5
6688,1,6,2,399,50
6680,6,18,2,0,0
6677,6,15,3,20,4
6661,5,18,17,110,17
6659,5,18,1,17,3
6657,5,18,0,76,12
6651,5,18,0,49,8
6648,5,18,7,85,13
6647,5,18,1,57,9
6643,5,18,3,73,12
6642,5,18,0,46,9
6636,5,18,2,50,7
6634,5,18,0,39,5
6633,5,18,0,16,3
6632,5,18,1,5,1
6631,5,18,0,52,7
6626,5,18,4,18,3
6625,5,18,0,50,8
6624,5,18,2,20,3
6623,5,18,0,30,5
6618,5,17,5,0,0
6617,5,17,0,48,8
6616,5,17,0,18,3
6615,5,17,0,65,13
6613,5,17,1,75,13
6612,5,17,0,92,16
6606,5,17,0,46,7
6605,5,17,4,98,17
6599,5,17,0,19,3
6596,5,17,0,25,5
6588,5,17,6,0,0
6586,5,17,0,1,1
6583,5,17,4,7,1
6581,5,17,5,31,5
6576,5,16,3,8,1
6573,5,16,0,73,10
6570,5,16,3,22,4
6564,5,16,6,312,12
6554,5,15,1,29,4
6552,5,15,7,10,2
6549,5,14,0,68,10
6535,5,11,4,145,9
6532,5,11,0,1,1
6523,5,10,20,13,2
6522,5,10,0,35,4
6521,5,10,0,10,2
6520,5,10,0,2,1
6503,4,10,6,133,20
6502,4,8,1,31,4
6488,4,5,8,17,3
6481,3,20,2,41,6
6479,3,20,4,94,11
6478,3,20,0,6,1
6477,3,19,0,35,5
6475,3,17,1,141,20
6471,3,16,0,32,3
6469,3,16,0,21,3
6467,3,16,1,1,1
6466,3,16,0,19,4
6461,2,15,1,1134,155
6459,2,15,1,703,109
6458,2,15,2,1315,187
6456,2,12,1,125,19
6450,2,9,0,7,1
6448,2,8,0,65,14
6444,2,8,5,0,0
6430,1,21,3,126,18
6425,1,21,0,11,1
6423,1,20,4,60,10
6422,1,20,0,35,6
6421,1,20,1,0,0
6420,1,20,0,27,5
6417,1,20,4,23,3
6409,1,20,6,147,25
6407,1,20,4,147,26
6405,1,20,0,40,7
6404,1,20,0,87,12
6396,1,20,7,8,1
6390,1,19,0,28,5
6388,1,19,1,23,4
6386,1,19,2,61,10
6383,1,19,0,65,10
6377,1,19,12,127,19
6374,1,19,2,112,17
6373,1,19,2,55,9
6370,1,18,1,31,6
6364,1,13,3,94,15
6363,1,13,0,44,7
6359,0,22,5,164,27
6356,0,14,2,110,16
6355,0,14,0,7,1
6353,5,17,1,93,15
6350,4,22,0,61,9
6348,4,16,0,80,7
6347,4,16,0,76,7
6346,4,16,0,62,10
6344,4,16,1,31,4
6343,4,16,0,106,11
6340,3,19,1,0,0
6335,2,11,1,0,0
6334,2,11,0,0,0
6333,2,11,0,102,17
6328,1,17,1,48,7
6322,0,16,14,124,20
6321,0,13,1,0,0
6313,5,19,5,563,86
6305,5,15,7,152,17
6288,4,19,13,38,5
6286,4,17,0,299,39
6281,0,18,1,56,8
6280,0,18,2,183,27
6277,0,17,0,117,19
6272,6,15,0,116,17
6270,5,18,0,66,10
6269,5,18,0,68,11
6265,5,18,4,78,12
6264,5,18,1,162,26
6260,3,12,0,0,0
6256,2,18,4,148,24
6254,2,11,0,0,0
6249,1,20,4,0,0
6248,1,14,0,37,7
6244,1,7,2,0,0
6243,0,19,0,37,7
6240,6,17,0,43,8
6239,6,17,0,12,3
6238,6,17,0,71,10
6237,6,17,0,37,7
6234,5,21,0,37,7
6225,5,17,8,85,13
6222,5,17,3,79,12
6217,5,16,4,72,11
6216,5,9,0,0,0
6215,5,9,0,0,0
6214,5,9,0,0,0
6213,4,19,0,453,59
6207,3,9,0,40,6
6196,1,14,10,0,0
6186,0,9,0,57,12
6183,5,17,6,113,16
6181,5,16,2,62,8
6179,5,15,1,136,21
6178,5,15,1,20,2
6177,5,15,0,20,3
6176,5,15,0,155,11
6171,4,22,1,10,3
6164,3,10,4,60,10
6163,3,7,0,344,51
6158,2,12,7,68,14
6152,1,11,3,38,6
6150,1,5,0,50,8
6138,0,19,7,880,112
6132,0,9,3,86,12
6129,0,7,3,313,38
6123,6,20,0,23,5
6122,6,20,1,12,2
6120,6,11,0,288,45
6117,6,5,0,75,12
6116,5,23,1,0,0
6068,5,11,19,121,16
6066,5,11,2,20,4
6065,5,11,2,267,41
6055,4,21,8,181,31
6054,4,21,0,103,17
6053,4,21,1,403,64
6052,4,20,0,0,0
6051,4,20,1,12,2
6040,4,20,11,80,12
6036,4,20,7,40,6
6035,4,19,2,0,0
6034,4,19,0,205,34
6032,4,19,0,34,7
6031,4,19,1,599,90
6019,4,17,7,44,7
6015,4,17,4,29,4
6009,4,16,6,21,4
6004,4,16,1,21,3
6003,4,15,0,8,1
6002,4,15,0,18,3
5989,4,15,1,35,5
5987,4,15,3,45,8
5986,4,15,0,8,1
5985,4,15,0,24,4
5981,4,13,3,31,6
5978,4,13,1,0,0
5976,4,12,1,36,5
5971,4,9,2,131,21
5970,4,9,0,0,0
5964,4,7,4,13,2
5955,3,20,4,52,8
5954,3,20,0,28,4
5945,3,17,11,86,12
5943,3,12,1,30,4
5942,3,9,0,700,98
5935,2,12,1,848,127
5933,2,11,1,0,0
5928,2,9,4,284,38
5923,1,19,4,182,24
5920,1,10,1,67,10
5919,1,9,0,1,1
5908,6,14,0,0,0
5897,6,10,17,58,9
5884,5,19,14,60,8
5883,5,19,1,74,10
5877,5,18,3,93,13
5869,5,17,7,159,11
5862,4,17,0,42,6
5859,4,13,2,273,36
5850,3,17,9,75,12
5839,3,10,0,0,0
5838,3,10,6,0,0
5837,3,8,0,547,83
5833,2,18,2,253,32
5830,1,13,0,35,6
5829,1,13,6,90,12
5828,1,11,0,541,70
5820,0,8,4,65,14
5811,5,20,5,173,26
5810,5,20,3,56,7
5807,5,19,2,82,12
5805,5,18,1,150,8
5788,1,17,3,79,14
5787,1,10,14,77,11
5785,0,20,0,12,2
5784,0,19,0,0,0
5783,0,18,0,35,6
5781,0,18,0,14,2
5780,0,17,0,359,66
5779,0,15,0,99,13
5778,0,13,1,40,8
5775,6,18,0,40,6
5774,6,17,0,33,6
5772,6,11,0,73,9
5771,6,11,0,14,4
5767,5,21,0,48,6
5763,5,20,4,52,7
5751,5,20,12,64,9
5750,5,20,0,39,5
5745,5,20,0,45,6
5743,5,20,5,318,47
5742,5,20,0,48,6
5739,5,19,2,36,6
5737,5,19,1,59,10
5735,5,19,0,186,9
5734,3,20,0,91,16
5733,2,22,1,346,61
5722,5,19,7,126,16
5714,3,12,0,15,2
5712,3,10,6,16,3
5707,6,17,6,126,20
5706,5,16,2,0,0
5700,0,5,0,9,1
5697,3,8,1,31,7
5694,2,18,3,3,1
5683,5,16,4,75,9
5681,5,13,0,137,13
5675,4,15,6,347,43
5672,2,21,0,0,0
5670,2,18,0,205,28
5669,2,16,0,0,0
5668,2,15,0,0,0
5666,2,10,1,461,64
5665,1,17,0,40,7
5664,6,15,1,100,19
5657,3,17,6,71,10
5652,3,16,6,109,16
5646,5,13,5,1474,254
5644,3,18,0,15,3
5643,3,9,0,20,3
5640,5,12,0,0,0
5639,5,11,0,0,0
5638,5,11,0,0,0
5636,4,19,1,0,0
5635,2,8,0,11,2
5633,1,13,1,0,0
5632,1,12,0,0,0
5627,3,19,3,160,23
5626,3,19,0,32,5
5624,3,18,1,32,5
5622,3,18,0,49,7
5620,3,15,2,104,15
5619,3,9,0,357,58
5615,1,21,3,81,11
5613,0,20,1,41,6
5611,0,19,1,32,5
5610,0,18,0,50,7
5609,0,18,0,33,5
5605,0,17,3,76,10
5600,0,10,4,0,0
5595,5,21,1,53,8
5594,5,21,0,72,11
5593,5,20,0,81,14
5592,5,20,0,29,4
5590,5,20,2,101,7
5581,5,19,9,32,5
5580,5,18,0,66,8
5578,5,18,0,65,9
5576,4,11,0,0,0
5575,3,13,0,80,9
5572,2,6,0,0,0
5514,5,16,10,399,62
5496,5,11,21,300,43
5495,5,9,0,0,0
5487,4,21,43,32,5
5486,4,20,0,26,5
5484,4,19,1,27,4
5482,4,19,1,55,6
5474,4,16,9,1058,142
5467,4,15,7,0,0
5465,3,14,0,11,1
5448,1,14,11,639,86
5447,1,4,0,0,0
5443,0,12,4,132,18
5441,6,19,6,109,17
5436,5,20,1,46,7
5433,5,20,2,42,6
5431,5,19,0,59,8
5430,5,19,0,42,6
5425,5,18,4,59,8
5424,5,18,1,6,1
5422,5,16,0,73,9
5421,5,14,0,6,1
5419,4,7,0,35,5
5416,3,19,4,15,4
5414,3,18,0,0,0
5413,3,17,0,120,16
5408,2,16,1,151,24
5406,2,16,0,96,15
5405,2,16,0,8,2
5400,2,16,0,47,8
5397,2,16,2,15,2
5392,2,16,1,34,6
5391,2,16,1,42,6
5382,2,16,8,27,4
5379,2,16,6,27,4
5378,2,15,0,58,8
5376,2,15,1,35,6
5375,2,14,0,111,8
5374,2,11,0,0,0
5365,0,21,2,308,46
5364,0,21,0,219,33
5363,0,20,0,16,4
5362,0,20,0,72,11
5359,0,20,2,60,9
5358,0,20,0,10,2
5357,0,20,0,32,6
5353,0,9,2,31,4
5342,6,20,1,17,2
5331,6,17,4,109,17
5319,6,16,18,171,29
5314,6,16,11,57,9
5297,6,16,11,37,7
5281,6,10,21,199,32
5258,5,20,18,31,6
5254,4,11,1,0,0
5253,3,17,2,0,0
5236,2,13,19,12,2
5230,1,9,0,17,2
5225,0,23,3,2,1
5212,6,13,0,16,2
5211,6,13,0,19,2
5209,6,12,0,132,16
5205,5,17,2,52,7
5200,5,2,3,0,0
5194,4,12,4,10,2
5186,3,16,4,38,6
5173,0,20,2,8,1
5167,0,13,1,0,0
5163,0,3,16,0,0
5160,6,20,0,108,15
5140,6,20,16,28,4
5139,6,20,24,13,2
5138,6,20,0,11,2
5131,5,17,2,64,8
5130,5,16,0,39,6
5123,5,16,6,73,10
5120,5,15,1,71,9
5119,5,15,0,114,8
5118,5,14,0,65,8
5117,3,21,0,0,0
5116,2,16,0,0,0
5111,1,19,3,0,0
5109,1,18,1,0,0
5106,6,19,0,161,24
5102,6,8,1,56,8
5094,5,19,8,50,7
5092,5,19,0,52,8
5091,5,19,0,87,14
5090,5,19,0,77,11
5089,5,19,0,80,10
5088,5,19,0,57,10
5086,5,18,0,47,6
5085,5,18,0,168,26
5083,5,18,2,27,5
5078,5,18,0,41,6
5076,5,18,3,15,3
5067,5,17,5,80,15
5065,5,15,2,168,20
5060,5,9,3,191,30
5058,5,7,0,22,4
5052,4,20,7,310,47
5048,3,15,0,0,0
5041,3,10,0,32,4
5040,3,10,0,28,5
5039,3,8,1,27,2
5032,2,19,1,99,14
5028,2,18,4,130,15
5026,2,15,1,77,10
5025,2,10,0,24,5
5017,1,17,4,79,10
5007,0,7,0,172,26
5006,0,5,2,4,1
5001,6,12,4,24,5
5000,6,12,0,50,7
4998,6,8,1,0,0
4989,5,20,0,12,2
4969,5,19,10,105,19
4962,5,19,9,243,41
4952,5,18,18,68,10
4949,5,18,1,96,14
4948,5,18,0,19,3
4946,5,18,0,51,8
4938,5,18,9,17,2
4937,5,18,0,65,9
4935,5,18,0,123,18
4933,5,18,1,53,7
4927,5,18,2,54,8
4918,5,18,9,10,2
4917,5,18,0,57,8
4914,5,18,2,95,16
4910,5,18,0,70,10
4901,5,18,13,149,23
4895,5,18,5,61,9
4879,5,18,15,90,6
4878,5,18,0,129,18
4877,5,18,0,54,10
4875,5,18,0,72,8
4868,5,17,4,27,5
4867,5,17,1,24,4
4866,5,17,0,29,3
4860,5,17,0,42,6
4857,5,17,5,25,4
4853,5,17,0,33,5
4848,5,17,7,44,8
4845,5,17,0,80,13
4832,5,17,9,61,10
4830,5,17,5,6,1
4821,5,17,7,38,5
4819,5,17,4,166,26
4817,5,17,0,79,13
4808,5,17,9,74,13
4798,5,17,9,41,6
4797,5,17,0,3,1
4792,5,17,4,38,5
4781,5,17,0,71,13
4779,5,17,12,33,6
4778,5,17,0,83,14
4777,5,17,0,126,18
4775,5,17,0,9,1
4774,5,17,0,68,12
4772,5,17,0,86,14
4770,5,17,0,63,11
4767,5,17,1,27,3
4766,5,17,2,8,1
4764,5,16,0,24,4
4763,5,16,2,12,2
4761,5,16,1,18,2
4759,5,16,0,53,6
4758,5,16,0,162,20
4757,5,16,0,88,15
4755,5,16,0,8,2
4752,5,16,0,453,25
4749,5,16,0,24,4
4746,5,15,0,0,0
4744,5,15,0,17,3
4742,5,15,0,101,15
4739,5,15,10,60,8
4733,5,14,4,40,6
4731,5,12,1,122,21
4730,5,12,0,34,6
4728,5,12,0,22,4
4725,5,11,2,246,40
4722,4,22,2,0,0
4721,4,21,0,55,9
4716,4,17,0,114,14
4711,4,12,3,178,26
4709,4,12,0,393,55
4704,4,9,2,111,16
4695,3,19,1,592,95
4690,3,18,12,152,22
4682,3,18,9,0,0
4678,3,14,1,19,4
4660,3,8,6,60,10
4651,2,18,16,715,105
4646,2,16,0,86,11
4644,2,16,1,4,1
4642,2,10,0,0,0
4640,2,5,0,0,0
4639,2,4,0,0,0
4635,1,20,0,17,4
4627,1,19,5,0,0
4620,1,19,13,50,9
4603,1,17,18,78,11
4592,1,17,7,51,7
4586,1,17,4,59,8
4583,1,16,0,9,2
4582,1,16,0,10,1
4581,1,14,0,14,2
4578,1,5,2,70,9
4577,0,21,2,49,8
4574,0,16,1,0,0
4565,6,21,7,290,42
4562,6,14,0,0,0
4554,5,20,9,49,6
4550,4,19,1,40,6
4544,4,19,0,0,0
4505,4,19,42,17,3
4504,4,19,2,258,41
4502,4,19,1,45,7
4500,4,18,0,0,0
4498,4,18,1,14,2
4492,4,3,0,29,6
4491,4,3,1,0,0
4489,3,23,0,57,11
4488,3,21,0,170,18
4487,3,21,2,42,8
4483,3,20,1,0,0
4479,3,19,2,115,19
4465,2,18,6,69,15
4462,2,17,1,0,0
4461,2,17,4,18,3
4459,2,17,1,0,0
4449,2,15,12,694,90
4441,2,13,6,493,71
4437,1,7,0,0,0
4394,0,12,22,104,14
4390,0,8,24,0,0
4389,0,8,3,0,0
4386,0,7,0,8,1
4379,6,10,1,133,23
4378,6,10,0,26,5
4377,6,10,0,330,53
4374,6,10,5,212,36
4372,6,10,1,48,8
4371,6,10,0,39,5
4367,6,9,3,50,8
4364,5,20,0,66,5
4350,5,18,13,43,7
4349,5,18,0,34,4
4342,5,18,4,30,5
4327,5,17,6,44,6
4324,5,17,9,27,4
4322,5,17,1,47,6
4318,5,13,0,22,6
4315,5,7,0,9,2
4314,5,6,6,67,8
4312,4,20,0,0,0
4310,4,20,0,19,3
4309,4,19,1,12,2
4304,4,18,3,37,9
4303,4,18,0,0,0
4301,4,11,2,78,12
4300,4,11,0,1008,138
4294,3,17,4,66,10
4291,3,17,1,0,0
4280,2,5,5,12,2
4272,1,11,4,130,18
4257,6,10,11,16,2
4247,5,15,7,81,11
4245,5,15,0,51,9
4244,5,15,0,89,10
4243,5,14,0,42,6
4240,5,13,2,85,9
4226,5,11,11,28,3
4219,5,7,10,103,15
4209,4,19,10,0,0
4207,4,17,6,211,32
4201,2,19,2,115,20
4198,2,18,2,42,7
4189,2,18,10,61,9
4187,2,17,1,49,7
4179,2,15,6,104,14
4144,2,3,2,487,61
4115,0,5,54,17,3
4112,6,20,0,57,9
4111,6,19,0,2,1
4110,6,17,3,129,20
4107,5,22,0,960,163
4106,5,20,2,47,8
4105,5,20,0,82,14
4101,5,19,1,291,37
4086,5,18,14,54,7
4083,5,17,0,53,8
4080,5,17,1,45,8
4075,5,17,2,48,6
4074,5,17,1,71,10
4072,5,17,3,55,8
4071,5,17,0,52,8
4067,5,16,3,74,11
4066,5,16,0,113,8
4060,5,11,4,85,12
4056,4,18,6,28,5
4051,4,10,2,61,3
4041,3,12,11,0,0
4039,3,10,2,0,0
4037,3,9,1,49,8
4028,2,20,7,103,13
4027,2,19,0,60,8
4026,2,18,0,45,6
4024,2,16,1,205,29
4023,1,15,0,0,0
4022,1,11,0,0,0
4014,6,20,6,0,0
4007,5,17,3,118,19
3992,5,17,16,86,12
3990,4,14,2,94,8
3988,3,17,1,0,0
3987,3,6,0,0,0
3984,2,21,2,39,5
3980,2,20,3,74,8
3978,2,20,1,40,5
3976,2,20,1,83,11
3972,2,7,3,111,16
3971,2,4,0,172,26
3966,1,19,4,87,10
3965,1,7,0,116,16
3963,1,5,1,28,5
3962,0,19,0,0,0
3959,0,11,0,93,8
3957,0,6,2,19,3
3953,6,17,2,188,30
3945,5,19,6,46,8
3936,5,17,7,53,7
3934,5,17,0,56,8
3932,5,16,1,34,5
3926,5,15,2,102,6
3924,5,15,4,66,8
3921,5,9,1,0,0
3919,5,6,1,150,21
3918,5,6,0,22,4
3916,5,4,0,0,0
3914,4,4,0,20,3
3912,3,13,1,0,0
3911,2,19,0,63,8
3908,2,19,2,175,29
3894,2,18,8,46,6
3890,2,17,2,66,8
3888,2,12,7,104,16
3887,2,12,0,181,31
3886,1,7,0,62,11
3885,1,5,0,35,6
3884,0,17,0,91,13
3882,0,8,0,0,0
3880,6,21,0,33,8
3878,6,21,0,38,7
3877,6,21,0,99,17
3873,6,20,4,57,9
3871,6,18,0,122,21
3868,6,13,2,28,5
3867,6,12,0,0,0
3866,6,12,1,0,0
3865,6,11,0,72,11
3855,5,18,2,52,7
3835,5,18,13,20,3
3831,5,18,10,43,6
3826,5,18,5,41,6
3822,5,17,0,33,4
3821,5,17,2,45,5
3819,5,17,0,123,10
3818,5,14,4,34,4
3817,5,13,0,0,0
3816,5,13,0,77,10
3814,4,22,1,1,1
3813,4,20,0,46,6
3811,4,11,0,15,2
3809,4,9,0,0,0
3808,4,6,0,0,0
3804,3,15,1,24,3
3801,3,4,0,413,60
3800,2,20,5,116,15
3799,2,19,0,99,13
3798,2,18,0,119,12
3795,2,17,2,28,4
3794,2,16,0,0,0
3792,2,15,0,61,7
3791,2,5,0,19,4
3790,1,18,0,0,0
3785,1,15,1,89,12
3780,1,6,0,0,0
3779,1,4,0,19,4
3776,0,16,0,0,0
3774,0,14,2,0,0
3773,0,14,0,0,0
3772,0,11,0,44,5
3770,6,19,1,0,0
3769,6,19,0,3,1
3768,6,19,0,79,13
3767,6,17,0,63,3
3765,6,14,1,273,36
3764,6,8,0,232,31
3763,5,20,0,0,0
3762,5,20,0,26,5
3761,5,20,0,60,9
3758,5,15,1,46,7
3757,5,14,0,65,9
3756,5,13,0,56,7
3755,5,13,0,0,0
3753,5,12,0,77,11
3752,5,6,0,230,25
3751,5,6,0,78,12
3750,4,20,0,37,6
3749,4,20,0,54,6
3747,4,8,1,81,10
3746,4,5,0,124,15
3745,3,19,0,149,22
3743,3,19,1,23,6
3740,3,16,0,0,0
3739,3,4,0,19,4
3736,2,17,2,90,15
3735,2,16,0,56,7
3734,2,15,0,152,21
3732,2,12,1,118,17
3729,2,4,2,19,4
3728,1,21,0,82,13
3727,1,21,0,221,36
3725,1,21,0,79,13
3724,1,21,0,94,16
3722,1,20,2,97,12
3719,1,20,2,34,4
3711,1,19,0,85,16
3707,1,19,5,131,19
3706,1,19,0,25,3
3701,0,12,0,66,9
3697,6,22,1,45,8
3694,6,14,1,436,68
3693,6,12,0,665,89
3691,5,20,0,36,7
3685,5,19,5,245,41
3684,5,16,0,209,6
3683,3,19,0,164,27
3681,6,19,0,0,0
3675,5,11,3,0,0
3674,5,11,0,11,2
3673,3,19,0,0,0
3667,6,15,0,0,0
3666,6,13,0,0,0
3663,6,21,2,372,61
3662,4,15,1,0,0
3657,1,19,1,0,0
3654,0,19,1,0,0
3652,4,16,0,0,0
3650,1,18,1,273,43
3648,1,5,0,0,0
3646,5,12,1,0,0
3645,4,19,0,0,0
3640,6,8,0,0,0
3639,4,15,0,0,0
3638,2,14,0,75,11
3633,1,7,0,0,0
3629,5,16,1,0,0
3623,0,9,5,0,0
3620,6,11,1,90,17
3617,5,8,2,0,0
3616,5,8,0,71,11
3615,1,19,0,63,13
3613,0,15,0,26,5
3612,0,15,1,0,0
3610,6,20,0,0,0
3609,5,19,0,0,0
3608,5,19,0,0,0
3604,5,11,0,39,5
3603,4,20,0,130,22
3600,4,15,1,0,0
3599,3,4,0,0,0
3598,1,21,0,0,0
3597,0,22,0,0,0
3596,6,16,0,23,5
3595,6,9,0,81,12
3594,5,5,0,146,28
3593,5,5,0,11,2
3590,4,8,0,64,12
3588,1,17,0,0,0
3582,0,19,3,220,33
3580,0,12,0,677,100
3579,6,19,1,0,0
3578,6,16,1,45,8
3574,5,21,1,6,1
3572,5,19,3,15,3
3562,5,19,10,93,10
3553,5,18,6,34,6
3551,5,18,1,52,9
3550,5,18,0,13,2
3549,5,18,0,37,6
3548,5,18,0,76,12
3547,5,18,0,22,5
3541,5,18,3,8,2
3538,5,18,0,115,17
3532,5,18,9,32,5
3530,5,18,1,106,11
3529,5,18,0,77,14
3520,5,18,0,60,8
3519,5,18,0,25,4
3518,5,18,0,17,3
3512,5,18,0,56,8
3510,5,18,0,24,4
3508,5,18,1,71,10
3507,5,18,0,57,8
3502,5,18,9,109,17
3501,5,18,0,21,3
3499,5,17,1,8,1
3491,5,17,5,152,23
3490,5,17,0,107,18
3489,5,17,0,23,4
3488,5,17,0,8,1
3487,5,17,0,66,11
3485,5,17,0,80,13
3484,5,17,0,82,13
3478,5,17,0,101,15
3476,5,17,1,68,4
3475,5,17,0,133,25
3467,5,17,0,67,9
3463,5,17,0,52,1
3462,5,17,4,109,7
3461,5,17,1,44,7
3455,5,17,15,112,18
3451,5,17,0,77,10
3450,5,17,0,8,1
3449,5,17,0,39,7
3447,5,16,0,16,2
3446,5,16,4,26,4
3442,5,16,0,150,22
3441,5,15,1,251,13
3437,5,9,0,47,4
3435,5,9,0,25,3
3434,5,9,0,746,104
3433,5,9,4,66,10
3431,4,17,0,0,0
3429,4,17,1,232,36
3428,4,11,0,167,24
3419,3,13,1,0,0
3418,3,13,2,91,14
3417,3,13,0,22,5
3416,3,13,0,168,22
3414,3,11,0,92,13
3405,1,17,2,0,0
3404,1,11,0,0,0
3403,1,9,1,35,5
3402,0,22,0,75,11
3400,6,16,0,0,0
3399,6,16,0,199,31
3396,5,19,0,30,5
3395,5,12,0,82,12
3393,3,15,1,0,0
3392,2,20,0,0,0
3391,2,10,0,0,0
3390,2,10,0,0,0
3389,0,13,0,27,3
3387,6,21,0,26,5
3385,5,19,1,0,0
3384,5,13,0,106,4
3383,4,19,0,68,12
3382,4,13,0,0,0
3375,2,11,0,0,0
3374,1,20,0,9,2
3373,1,20,0,3,1
3372,1,20,0,16,4
3370,1,20,0,22,4
3369,1,20,0,25,4
3368,1,19,0,17,3
3367,1,19,0,9,2
3366,1,19,0,30,1
3365,1,19,0,12,2
3364,1,19,0,122,22
3363,1,19,0,24,4
3362,1,19,0,30,6
3361,1,19,0,54,2
3360,1,19,0,8,1
3359,1,19,0,122,12
3356,1,19,0,396,48
3351,1,18,4,14,2
3350,1,18,0,26,1
3349,1,18,0,3,1
3348,1,18,0,17,3
3347,1,18,0,27,1
3346,1,18,0,35,6
3343,1,18,2,634,94
3341,0,14,0,81,11
3338,0,15,0,0,0
3337,0,4,0,0,0
3336,0,4,0,31,7
3334,6,16,0,0,0
3333,6,14,0,103,9
3332,6,8,0,66,11
3331,6,8,0,0,0
3326,5,8,0,33,6
3325,4,20,0,0,0
3324,3,8,0,0,0
3318,0,21,6,64,8
3313,0,20,0,37,6
3312,0,20,5,34,6
3311,0,20,0,0,0
3309,0,18,0,0,0
3308,0,15,0,0,0
3307,0,10,0,36,5
3306,0,10,0,24,4
3305,0,9,0,97,17
3304,6,17,0,82,6
3301,4,13,1,0,0
3300,3,12,0,217,35
3299,3,12,0,504,64
3297,0,18,0,0,0
3293,6,21,2,1678,223
3292,6,21,1,62,9
3288,6,12,0,29,6
3283,5,20,0,78,11
3281,2,18,0,23,2
3278,1,18,2,67,10
3277,1,17,0,126,17
3276,1,3,0,0,0
3275,1,3,0,0,0
3274,1,3,0,0,0
3273,0,13,0,36,6
3268,6,19,3,435,78
3264,6,17,0,36,4
3262,6,17,4,32,7
3261,6,17,0,25,5
3258,6,16,2,136,15
3255,6,16,2,28,5
3254,6,10,0,17,3
3253,6,10,0,157,23
3252,5,7,0,53,10
3249,4,9,0,0,0
3248,3,19,0,0,0
3246,2,21,1,60,9
3245,2,12,0,0,0
3242,1,19,0,0,0
3239,0,10,2,1971,283
3231,5,12,0,0,0
3230,5,10,0,0,0
3224,4,20,0,108,20
3221,4,20,2,106,17
3220,4,20,5,80,14
3219,4,20,0,159,26
3218,4,20,0,55,9
3217,4,20,0,125,19
3215,4,20,0,97,13
3213,4,20,1,97,17
3212,4,20,0,67,12
3209,4,20,2,88,12
3208,4,20,0,20,3
3207,4,20,0,57,10
3205,4,20,0,88,16
3203,4,20,0,28,5
3201,4,20,0,15,2
3199,4,20,0,235,16
3198,4,20,0,75,13
3197,4,20,0,21,3
3196,4,20,0,118,19
3195,4,20,0,100,16
3192,4,20,1,125,25
3191,4,19,1,12,2
3181,4,19,2,128,20
3178,4,19,0,70,13
3176,4,19,9,32,5
3175,4,19,0,121,21
3174,4,19,0,100,15
3172,4,19,0,25,4
3170,4,19,2,35,5
3169,4,19,0,55,10
3168,4,19,0,85,13
3159,4,19,0,28,5
3156,4,19,8,115,17
3155,4,18,0,89,14
3154,4,18,0,10,1
3152,4,18,0,56,7
3151,4,18,1,75,11
3150,4,18,0,21,3
3149,4,18,0,15,2
3147,4,18,1,24,5
3146,4,18,0,58,10
3145,4,18,1,93,15
3144,4,18,0,116,13
3143,4,17,0,125,13
3141,4,3,0,587,84
3140,4,3,0,2083,281
3139,4,3,0,0,0
3133,3,20,4,491,68
3130,3,18,1,0,0
3127,3,17,2,124,19
3122,3,16,5,207,31
3118,3,16,4,20,4
3117,3,9,0,47,6
3116,3,9,0,71,13
3113,3,8,0,168,30
3110,2,20,0,0,0
3109,2,20,0,132,19
3108,2,20,0,106,19
3107,2,20,0,251,40
3106,2,19,0,20,3
3102,2,19,3,370,62
3097,6,11,0,0,0
3095,5,16,0,112,19
3092,5,7,1,133,13
3087,3,15,2,21,6
3086,3,15,1,61,10
3085,3,15,0,142,22
3084,2,18,0,159,27
3083,2,7,0,155,22
3080,6,11,0,1,1
3079,5,13,0,43,8
3063,2,18,8,285,39
3062,2,0,2,0,0
3058,1,11,0,0,0
3055,0,14,0,437,60
3054,0,9,0,90,10
3053,0,9,0,47,7
3051,0,8,0,268,42
3050,0,8,0,127,22
3049,0,8,4,30,6
3048,0,8,0,40,9
3047,6,20,0,0,0
3044,6,14,1,0,0
3037,5,10,6,195,19
3034,2,14,0,49,5
3033,1,20,0,345,55
3031,1,16,1,0,0
3026,5,18,1,97,16
3019,3,18,4,169,32
3018,3,18,0,98,15
3017,3,18,0,151,24
3016,3,18,0,70,10
3015,3,18,0,28,4
3014,3,18,0,144,17
3012,3,17,1,54,1
3011,2,17,0,99,14
3004,1,10,2,0,0
3001,0,17,0,0,0
3000,0,17,4,24,5
2983,5,0,1,32,4
2982,4,23,1,0,0
2981,4,22,0,71,10
2972,4,19,0,0,0
2969,4,18,2,75,13
2968,4,18,0,0,0
2961,4,11,1,8,1
2960,4,10,0,90,13
2959,4,10,4,13,2
2957,4,10,0,14,3
2956,4,10,0,37,7
2858,3,21,0,0,0
2854,3,21,0,74,13
2842,3,20,3,68,11
2831,3,19,0,26,5
2824,3,17,9,132,14
2820,3,10,1,9,2
2819,3,10,0,3107,443
2812,2,19,0,46,8
2808,2,19,2,20,3
2807,2,19,0,775,118
2806,2,19,2,637,96
2805,2,19,0,7270,1013
2798,2,6,2,139,22
2797,1,20,0,0,0
2791,0,20,4,75,12
2777,6,13,0,0,0
2772,5,19,3,0,0
2771,5,18,0,0,0
2770,5,13,1,501,65
2769,4,21,0,7,1
2768,4,16,0,375,48
2765,3,19,3,251,41
2763,3,18,2,0,0
2754,3,18,9,47,6
2753,3,17,0,360,63
2750,3,17,2,48,8
2748,3,17,1,7,1
2747,3,15,0,0,0
2744,3,15,0,220,14
2743,3,7,0,42,7
2742,3,7,0,22,3
2740,3,0,0,0,0
2734,2,13,3,942,144
2731,2,12,5,88,12
2730,2,10,0,100,16
2729,2,10,0,0,0
2727,1,18,1,0,0
2726,1,13,0,0,0
2725,1,0,0,19,3
2724,0,23,0,548,78
2723,0,23,0,0,0
2718,0,0,0,0,0
2709,5,22,0,59,9
2708,5,22,1,0,0
2707,5,21,1,0,0
2706,5,21,0,15,2
2696,5,13,0,18,4
2695,5,13,0,1090,153
2694,5,13,0,1083,154
2691,5,11,0,49,10
2690,5,11,0,40,7
2685,4,22,0,16,3
2678,4,14,0,31,5
2677,4,14,0,8,1
2676,4,14,1,32,6
2664,4,12,4,348,56
2663,4,10,0,45,7
2661,4,9,0,28,3
2660,4,8,0,38,6
2659,4,8,0,25,4
2651,3,20,1,157,28
2648,3,20,4,15,3
2638,3,20,10,55,8
2631,3,19,0,12,2
2626,3,19,3,12,2
2622,3,19,11,18,3
2617,3,18,0,24,4
2615,3,18,5,154,25
2614,3,18,0,42,7
2612,3,17,1,177,28
2610,3,17,1,318,44
2607,3,9,2,115,21
2606,2,22,0,82,11
2604,2,22,1,72,12
2603,2,22,0,61,9
2602,2,21,0,4,1
2601,2,21,0,16,3
2597,0,21,0,13,3
2590,0,16,6,27,3
2589,0,12,0,17,3
2584,0,9,4,97,16
2580,0,1,0,6,1
2579,0,1,0,0,0
2578,0,1,2,8,1
2577,0,1,0,2,1
2576,6,23,0,33,5
2575,6,15,0,49,6
2574,6,12,0,10,1
2573,6,7,0,489,83
2571,6,0,0,48,8
2570,4,22,0,6,1
2569,4,18,0,345,53
2566,3,22,0,119,20
2565,3,22,0,210,29
2563,3,22,1,16,2
2561,3,22,2,63,9
2560,3,22,1,32,5
2559,3,21,0,9,2
2558,3,21,0,7,1
2557,2,16,0,0,0
2554,1,20,0,712,112
2550,1,12,2,124,19
2546,5,10,0,858,125
2545,4,7,0,0,0
2537,6,23,0,668,86
2536,6,22,0,47,6
2529,3,15,4,748,117
2517,1,13,0,0,0
2515,0,17,2,0,0
2508,5,17,1,0,0
2505,2,12,0,36,6
2498,1,17,0,59,8
2490,1,9,0,0,0
2435,0,13,2,0,0
2433,0,11,3,328,42
2432,5,21,0,0,0
2428,5,6,1,0,0
2427,4,7,1,0,0
2426,3,19,1,584,82
2423,1,16,1,0,0
2422,1,16,0,0,0
2417,1,4,2,3570,524
2413,4,10,0,65,4
2412,3,9,0,0,0
2409,2,9,1,0,0
2405,6,17,2,0,0
2403,3,19,0,357,45
2402,2,18,0,0,0
2401,2,18,0,0,0
2399,1,18,0,0,0
2398,0,18,0,81,13
2396,6,18,0,0,0
2395,6,16,0,86,14
2394,5,8,1,173,28
2393,4,11,0,0,0
2392,3,16,0,23,3
2382,1,17,7,89,15
2377,6,15,0,95,16
2376,6,15,0,32,6
2375,6,15,0,572,89
2374,6,12,0,69,9
2366,6,8,9,38,7
2365,6,8,2,23,3
2360,6,7,4,262,41
2356,5,19,0,56,9
2350,5,19,0,9,2
2346,5,19,11,3,1
2343,5,19,1,21,3
2334,5,18,9,28,5
2333,5,18,0,191,5
2311,5,8,15,127,11
2302,2,19,2,294,42
2300,2,9,0,8,2
2295,1,21,0,32,5
2289,0,10,7,0,0
2278,6,19,9,33,7
2277,6,19,0,80,14
2276,6,19,0,226,44
2275,6,19,3,103,17
2274,6,13,0,13,1
2273,6,13,0,80,10
2272,6,12,0,45,9
2271,6,12,0,45,9
2270,6,8,0,54,10
2269,6,8,0,53,9
2267,6,8,0,0,0
2266,6,8,0,43,7
2265,5,22,0,43,8
2264,5,22,0,0,0
2263,5,22,0,53,9
2257,5,18,0,90,14
2256,5,18,2,99,17
2250,5,18,6,99,14
2249,5,18,0,86,14
2245,5,18,3,137,3
2244,5,18,0,22,4
2242,5,18,1,46,8
2240,5,18,1,78,11
2239,5,18,0,62,9
2236,5,18,2,73,11
2235,5,18,0,73,11
2233,5,17,1,166,23
2232,5,17,0,86,15
2228,5,17,3,101,19
2226,5,17,1,129,22
2222,5,17,3,107,15
2218,5,17,3,127,15
2215,5,17,0,76,12
2209,5,17,6,84,13
2208,5,17,0,217,37
2207,5,17,0,122,19
2206,5,17,0,102,16
2204,5,17,1,24,4
2203,5,17,0,51,9
2201,5,16,1,143,18
2198,5,15,0,492,80
2195,5,15,3,266,40
2190,5,12,4,90,14
2188,5,7,0,266,13
2186,3,11,0,34,4
2184,2,21,0,0,0
2183,2,21,0,0,0
2182,2,7,0,32,5
2181,1,20,0,0,0
2180,1,20,0,330,62
2179,1,17,0,42,8
2178,1,17,0,42,8
2175,1,7,1,85,16
2174,0,6,1,12,2
2165,6,8,6,0,0
2160,4,8,0,35,6
2150,3,19,7,126,19
2149,3,11,0,199,29
2148,2,20,0,47,9
2147,2,20,1,27,3
2146,2,20,0,48,11
2145,2,20,0,44,6
2137,0,13,5,38,5
2134,6,13,0,69,9
2132,6,8,0,42,8
2127,5,10,6,0,0
2118,4,19,1,0,0
2113,3,15,1,63,14
2106,3,15,7,38,6
2104,1,18,0,0,0
2101,0,8,0,23,3
2094,6,16,0,48,8
2093,6,16,5,157,28
2082,6,11,6,80,14
2081,6,10,0,34,5
2079,6,10,0,44,8
2069,6,10,11,84,3
2068,6,9,0,16,2
2064,6,7,2,78,16
2061,6,6,2,431,73
2055,2,11,0,123,23
2053,2,11,1,124,21
2052,2,11,0,129,19
2051,2,11,0,0,0
2049,1,10,0,139,20
2048,1,10,0,11,2
2047,1,10,0,24,3
2046,1,10,0,5,1
2045,1,9,0,0,0
2044,0,15,0,65,14
2043,5,22,0,0,0
2042,5,19,0,21,3
2040,5,19,0,124,19
2018,5,15,21,259,10
2017,4,18,0,14,2
2015,4,18,1,394,53
2014,4,17,0,72,10
2013,4,14,0,100,15
2009,3,18,1,59,13
2008,2,19,0,96,15
2007,2,17,0,51,9
2006,2,17,0,0,0
2005,2,17,0,18,4
2004,2,15,1,390,58
2003,2,10,0,0,0
2002,2,10,0,25,5
2001,2,10,0,130,23
1997,0,18,0,26,6
1996,0,18,0,170,23
1995,0,18,0,24,4
1994,0,18,1,145,28
1993,0,18,0,59,11
1992,0,18,1,19,3
1991,6,16,0,49,9
1990,6,13,0,79,11
1989,6,10,0,0,0
1988,5,16,0,20,3
1987,5,11,0,56,11
1984,3,19,0,0,0
1983,3,15,0,38,7
1981,2,20,0,36,6
1980,2,20,0,0,0
1979,2,20,0,82,10
1978,2,20,0,0,0
1977,2,17,0,39,7
1974,2,17,0,170,29
1972,2,17,1,127,23
1970,2,17,0,162,25
1969,2,16,0,70,11
1968,2,16,0,71,10
1961,2,16,1,118,19
1956,2,16,8,27,6
1955,2,16,0,212,35
1953,2,16,0,99,12
1951,2,16,0,30,4
1949,2,16,1,168,24
1946,2,16,1,51,10
1944,2,16,0,35,7
1941,2,16,0,51,8
1937,2,11,0,129,23
1935,1,18,0,0,0
1932,1,17,0,97,15
1931,1,15,0,0,0
1930,1,12,0,0,0
1929,1,9,0,0,0
1926,1,5,0,28,5
1923,0,19,0,17,4
1922,0,18,0,72,14
1921,0,18,0,49,8
1920,0,18,0,25,6
1919,0,18,0,43,7
1916,0,18,0,24,4
1915,0,18,0,54,12
1914,0,18,0,92,14
1913,0,18,0,51,10
1912,0,18,0,170,33
1908,0,11,0,7,1
1907,0,10,0,0,0
1903,0,9,9,1176,175
1900,6,22,1,22,4
1896,6,12,0,12,2
1894,6,12,0,71,15
1893,6,11,0,37,7
1892,6,11,0,37,7
1885,6,7,2,0,0
1884,6,6,0,1368,213
1881,5,22,7,48,8
1880,5,19,0,29,4
1879,5,19,0,328,54
1878,5,18,0,18,3
1877,5,18,0,26,4
1874,5,17,0,16,2
1872,5,16,0,251,7
1871,5,16,0,196,22
1870,5,11,0,9821,1504
1867,5,7,0,118,25
1865,5,7,1,313,52
1864,4,19,0,111,21
1863,4,18,0,1463,234
1862,4,17,0,0,0
1861,4,15,0,150,26
1860,4,2,0,173,28
1859,4,2,0,2329,364
1858,3,18,0,54,9
1857,3,18,0,344,49
1856,3,17,0,207,31
1855,3,16,0,0,0
1854,3,16,0,27,4
1853,3,16,0,1825,291
1850,3,15,0,86,11
1849,3,15,0,39,6
1848,3,14,0,659,97
1847,3,14,1,129,16
1846,3,11,0,0,0
1845,3,6,0,1826,264
1844,2,18,0,98,16
1841,2,13,0,9,1
1840,2,11,0,5004,696
1836,2,10,4,59,10
1835,2,10,0,7,1
1834,2,10,0,83,15
1832,1,18,0,0,0
1828,1,11,0,1976,325
1827,1,10,0,81,13
1826,1,9,0,13,2
1825,1,9,0,28,4
1823,1,8,0,68,10
1821,1,7,1,156,24
1819,1,7,0,197,32
1816,1,3,0,0,0
1814,0,23,5,91,13
1812,0,23,2,94,14
1811,0,23,2,4828,703
1810,0,20,0,4,1
1807,0,20,1,457,76
1800,0,17,5,297,46
1799,0,17,0,0,0
1797,0,16,1,0,0
1796,0,16,0,57,7
1795,0,16,0,59,12
1794,0,16,0,36,6
1793,0,16,0,0,0
1792,0,14,1,0,0
1791,0,14,0,0,0
1790,6,19,0,0,0
1789,6,18,0,14,2
1788,6,10,0,0,0
1787,6,5,0,97,13
1786,5,18,0,0,0
1785,5,18,0,0,0
1784,4,19,0,0,0
1782,4,18,0,66,11
1780,4,18,1,144,22
1779,4,18,0,122,19
1772,4,17,6,18,3
1771,4,17,0,108,5
1769,4,17,1,29,5
1761,4,17,4,66,4
1759,4,17,3,10,1
1757,4,14,0,0,0
1756,4,13,0,16,1
1754,4,11,2,0,0
1752,4,9,1,39,6
1751,4,9,0,0,0
1631,2,20,3,163,26
1629,2,19,0,23,3
1627,2,19,0,23,3
1626,2,18,1,142,22
1625,2,18,0,16,3
1624,2,15,0,0,0
1622,2,15,0,180,26
1621,2,15,0,16,3
1620,2,14,0,16,3
1608,2,13,23,35,5
1607,2,13,0,38,6
1606,2,13,0,23,3
1605,2,13,0,23,3
1602,2,3,0,34,6
1599,1,18,0,0,0
1597,1,17,0,0,0
1596,1,16,0,11,2
1594,1,15,0,39,5
1593,1,15,0,46,6
1591,1,12,1,316,37
1590,1,12,2,312,47
1588,1,12,0,21,4
1585,1,8,0,28,4
1584,1,8,2,2,1
1579,0,21,5,279,42
1577,0,21,2,0,0
1574,0,18,1,0,0
1572,0,17,2,16,3
1571,0,17,0,83,13
1570,0,17,3,36,7
1569,0,17,0,22,3
1564,0,15,0,16,3
1563,0,15,1,85,12
1562,0,15,0,0,0
1559,0,15,0,0,0
1557,0,14,1,0,0
1556,0,13,5,0,0
1554,0,13,1,63,11
1553,0,13,0,39,6
1552,0,13,0,824,95
1549,0,9,0,0,0
1539,6,20,0,17,3
1521,6,20,26,134,20
1520,6,19,0,48,7
1519,6,19,0,17,3
1518,6,19,0,17,3
1517,6,18,0,431,69
1515,6,18,0,0,0
1514,6,18,0,27,4
1513,6,17,0,0,0
1512,6,17,0,48,7
1510,6,13,1,495,92
1505,6,13,4,12,2
1504,6,13,0,17,3
1497,6,13,0,12,3
1496,6,13,0,23,3
1492,6,13,1,62,11
1490,6,13,1,62,5
1485,6,13,5,13,3
1483,6,13,0,473,87
1481,6,11,2,268,11
1475,5,19,4,0,0
1473,5,18,0,47,7
1471,5,18,0,162,23
1470,5,18,0,536,83
1469,5,18,0,107,17
1468,5,18,0,126,22
1463,5,15,0,59,9
1460,4,17,0,23,4
1457,1,17,0,67,14
1456,1,14,1,675,117
1451,1,10,1,415,85
1449,1,10,7,216,29
1448,0,20,0,42,7
1447,0,18,0,196,30
1445,0,18,0,43,7
1444,0,10,0,64,11
1441,5,20,0,94,16
1438,5,20,5,653,105
1437,5,18,0,21,4
1436,5,17,0,50,8
1435,5,17,0,183,15
1430,5,17,1,174,22
1428,5,6,0,0,0
1425,4,23,3,579,75
1421,2,11,0,65,14
1419,1,20,0,182,24
1418,1,12,0,55,7
1417,0,18,0,56,9
1416,0,18,0,104,19
1413,6,18,0,67,10
1409,6,15,5,48,8
1407,6,15,1,18,3
1406,6,14,0,41,6
1405,6,14,0,44,8
1404,6,14,0,47,8
1403,6,14,0,42,5
1402,6,14,0,78,13
1401,6,14,0,15,3
1400,6,14,0,25,3
1399,6,14,0,48,8
1398,6,14,0,63,9
1397,6,14,0,13,3
1396,6,13,0,16,3
1395,6,13,0,29,5
1394,6,13,0,43,5
1393,6,13,0,18,3
1391,6,13,0,93,8
1388,6,13,2,61,8
1387,6,13,1,86,14
1385,6,13,0,38,6
1384,6,13,1,45,7
1383,6,13,0,42,5
1382,6,13,0,27,5
1381,6,13,0,50,9
1380,6,13,0,55,11
1379,6,13,0,42,6
1378,6,13,0,29,6
1377,6,13,0,23,3
1376,6,13,0,58,10
1375,6,13,0,43,6
1374,6,13,0,35,6
1373,6,13,0,26,5
1372,6,13,0,10,1
1371,6,12,0,255,12
1370,6,12,0,148,16
1369,6,12,0,33,4
1368,6,10,0,93,16
1366,6,7,1,50,10
1365,4,14,0,0,0
1363,3,11,0,49,10
1362,3,10,0,21,4
1360,2,20,0,45,7
1359,2,19,0,55,8
1358,2,19,0,19,3
1357,2,19,0,76,11
1356,2,18,0,68,11
1354,2,18,1,301,28
1352,2,18,1,32,3
1351,2,18,0,121,19
1349,2,18,1,121,20
1348,2,18,0,114,20
1347,2,18,0,99,16
1346,2,18,0,23,4
1345,2,18,0,13,2
1344,2,18,0,87,13
1343,2,18,0,16,2
1342,2,18,0,98,13
1340,2,18,1,62,10
1339,2,18,0,27,7
1334,2,18,0,80,14
1333,2,18,4,63,10
1332,2,17,0,211,34
1330,2,17,0,92,15
1329,2,17,0,91,15
1328,2,17,0,138,20
1327,2,17,0,89,13
1325,2,17,0,23,3
1324,2,17,0,90,13
1323,2,17,0,290,7
1322,2,11,0,155,22
1319,2,9,2,141,22
1318,0,17,0,86,13
1317,0,17,0,1052,156
1316,0,17,0,45,5
1315,0,13,0,156,23
1314,3,14,0,0,0
1313,2,16,0,60,10
1311,2,16,0,43,10
1310,2,15,0,61,10
1309,2,12,0,69,9
1306,2,10,1,145,22
1305,0,13,0,0,0
1300,6,7,1,68,12
1299,4,19,0,0,0
1298,3,19,0,211,31
1295,1,11,0,0,0
1288,0,21,6,138,20
1285,0,17,3,1137,159
1283,0,15,1,244,39
1282,0,9,0,0,0
1281,6,14,0,0,0
1279,4,18,0,42,7
1278,4,15,0,86,13
1276,3,9,0,644,88
1274,2,17,0,1019,139
1273,2,17,0,0,0
1272,2,17,0,31,5
1271,1,12,0,13,2
1270,0,12,0,0,0
1269,0,11,0,36,5
1268,6,13,0,697,100
1266,5,18,0,83,11
1265,4,16,0,414,57
1263,3,18,0,43,6
1261,3,12,0,77,12
1260,3,12,0,153,18
1258,1,19,0,510,69
1256,0,16,0,0,0
1255,0,16,2,9948,1334
1254,0,12,0,156,24
1253,6,13,0,504,64
1252,4,20,0,222,28
1250,4,19,1,42,7
1249,4,17,0,19,3
1245,3,12,1,228,37
1244,3,11,2,53,8
1243,3,11,0,668,89
1242,1,16,0,220,32
1241,1,16,0,0,0
1238,0,18,1,103,16
1236,5,10,0,4393,732
1232,4,17,2,4070,578
1231,3,20,0,66,8
1229,1,18,1,2027,301
1228,1,3,0,79,13
1227,6,10,0,45,5
1226,4,9,0,172,29
1225,4,9,0,0,0
1223,3,19,0,305,43
1222,3,18,0,0,0
1214,3,14,6,0,0
1210,3,1,3,1212,183
1207,2,9,1,218,34
1206,1,19,0,431,65
1204,1,11,0,0,0
1202,0,13,0,0,0
1201,0,13,0,42,8
1200,6,20,0,0,0
1197,6,15,0,0,0
1195,6,15,3,314,41
1192,6,12,0,480,82
1191,5,18,1,35,5
1189,4,10,1,40,6
1188,4,0,0,267,42
1185,3,15,0,28,3
1182,2,18,0,0,0
1179,1,17,0,506,70
1173,1,10,7,19,3
1170,0,20,2,33,4
1169,0,15,0,33,6
1168,0,9,0,1518,207
1166,0,9,1,575,81
1163,6,8,0,223,32
1156,5,17,6,511,83
1155,5,17,0,24,3
1154,5,14,1,48,9
1153,5,9,0,16,2
1152,5,8,1,191,26
1151,5,8,0,216,36
1148,4,22,0,0,0
1147,4,21,3,642,88
1146,3,11,0,31,5
1133,2,20,0,1594,184
1132,2,19,0,0,0
1130,2,19,11,15,3
1129,2,17,0,291,47
1124,1,22,2,37,8
1118,1,19,6,433,55
1117,1,19,0,18,4
1113,0,19,0,0,0
1109,6,0,0,1206,200
1105,5,15,1,60,8
1104,5,11,2,194,32
1103,4,22,1,602,78
1099,3,15,2,225,32
1097,3,14,1,976,127
1096,3,14,0,532,66
1094,1,19,0,16,3
1093,1,16,0,1519,227
1092,1,16,0,704,104
1082,0,17,8,244,40
1080,0,14,2,406,58
1077,6,12,0,166,24
1076,6,12,0,969,134
1075,5,17,0,58,10
1074,4,17,0,73,13
1071,4,14,0,285,34
1070,4,14,0,664,87
1069,4,14,2,956,138
1068,3,19,0,15,3
1067,3,12,0,808,102
1065,3,7,0,687,120
1064,2,20,0,33,5
1061,2,18,2,193,31
1059,2,17,0,39,7
1058,2,16,0,64,10
1051,1,15,6,3677,497
1040,0,11,10,494,66
1038,0,6,0,0,0
1036,6,15,2,31,3
1034,6,13,0,41,5
1033,6,13,0,123,16
1031,5,13,1,205,32
1030,5,10,0,0,0
1029,5,10,0,269,48
1026,5,9,0,0,0
1025,5,5,1,22,3
1017,4,18,5,417,63
1015,4,12,2,482,62
1013,3,14,0,0,0
1008,3,14,0,562,98
1007,3,14,4,68,11
996,3,13,8,885,137
995,3,12,0,126,15
993,2,21,0,48,8
978,2,20,14,62,10
922,2,19,54,75,13
921,2,18,0,802,125
920,2,18,0,351,49
915,1,17,0,0,0
913,0,17,3,602,75
899,6,15,5,136,21
896,6,14,10,262,31
893,6,12,0,0,0
891,6,10,3,543,85
888,6,9,3,134,19
884,5,21,2,799,127
883,5,20,0,27,6
